ctx_id,method,step_end,P1_end,cf_end,kl_end,H_start,H_end,cf0
93,euc_ctx,47,0.99112,0.75138,1.56567,3.808,3.9501,0.68008
93,cau_ctx,89,0.9911,0.17046,4.09082,3.808,1.9607,0.68008
93,dua_ctx,215,0.99085,0.50317,6.2474,3.808,4.2599,0.68008
93,euc_unemb,20,0.99145,0.76779,1.33486,3.808,3.6594,0.68008
93,cau_unemb,22,0.99092,0.7805,1.12293,3.808,3.6672,0.68008
93,dua_unemb,53,0.9929,0.72367,2.02581,3.808,3.945,0.68008
93,euc_dmd,20,0.99273,0.76261,1.55615,3.808,3.6131,0.68008
93,cau_dmd,23,0.99277,0.76631,1.63689,3.808,3.3154,0.68008
93,dua_dmd,44,0.99051,0.664,1.51374,3.808,3.9917,0.68008
57,euc_ctx,44,0.99059,0.70523,1.13158,4.047,4.0333,0.68184
57,cau_ctx,79,0.99003,0.07986,4.23327,4.047,1.4849,0.68184
57,dua_ctx,222,0.99124,0.52789,5.03329,4.047,4.0287,0.68184
57,euc_unemb,20,0.99211,0.56214,1.68011,4.047,4.0469,0.68184
57,cau_unemb,22,0.99293,0.59225,1.38179,4.047,3.9004,0.68184
57,dua_unemb,77,0.99063,0.72188,4.64747,4.047,4.1135,0.68184
57,euc_dmd,18,0.99237,0.64287,1.52012,4.047,3.2924,0.68184
57,cau_dmd,20,0.99277,0.68528,1.61599,4.047,2.7185,0.68184
57,dua_dmd,37,0.99044,0.66876,2.02488,4.047,4.223,0.68184
52,euc_ctx,30,0.99183,0.71193,0.94577,4.8586,4.3922,0.5247
52,cau_ctx,54,0.99041,0.71911,1.47092,4.8586,3.9963,0.5247
52,dua_ctx,137,0.99075,0.49252,2.24958,4.8586,4.7125,0.5247
52,euc_unemb,13,0.99311,0.63105,1.51246,4.8586,3.6654,0.5247
52,cau_unemb,14,0.99108,0.63503,1.30195,4.8586,3.7422,0.5247
52,dua_unemb,26,0.99002,0.6197,1.08313,4.8586,4.5184,0.5247
52,euc_dmd,13,0.9915,0.63077,1.38821,4.8586,3.8497,0.5247
52,cau_dmd,16,0.99259,0.66145,1.48817,4.8586,3.795,0.5247
52,dua_dmd,37,0.99211,0.55353,1.83121,4.8586,4.3966,0.5247
158,euc_ctx,52,0.99159,0.33678,1.24431,3.4394,3.4242,0.38444
158,cau_ctx,86,0.99038,0.10058,2.78495,3.4394,2.1364,0.38444
158,dua_ctx,177,0.99053,0.30773,2.13398,3.4394,4.1575,0.38444
158,euc_unemb,27,0.99102,0.26408,2.41058,3.4394,2.5715,0.38444
158,cau_unemb,31,0.99243,0.34113,2.32671,3.4394,2.7633,0.38444
158,dua_unemb,110,0.99105,0.53416,5.83786,3.4394,3.6259,0.38444
158,euc_dmd,26,0.99089,0.19085,2.94643,3.4394,2.5585,0.38444
158,cau_dmd,29,0.9916,0.19737,3.05776,3.4394,2.9057,0.38444
158,dua_dmd,97,0.99115,0.44053,6.11181,3.4394,3.6132,0.38444
297,euc_ctx,56,0.99145,0.71509,1.60572,4.1526,4.326,0.75471
297,cau_ctx,102,0.99121,0.004,8.02655,4.1526,0.6175,0.75471
297,dua_ctx,196,0.99013,0.54196,4.66453,4.1526,4.3419,0.75471
297,euc_unemb,23,0.99366,0.62016,2.29905,4.1526,3.4637,0.75471
297,cau_unemb,26,0.9937,0.58832,2.18386,4.1526,3.3901,0.75471
297,dua_unemb,48,0.99318,0.74634,2.59474,4.1526,4.1298,0.75471
297,euc_dmd,24,0.99374,0.68995,2.66699,4.1526,3.5339,0.75471
297,cau_dmd,28,0.99237,0.5163,3.25683,4.1526,2.3942,0.75471
297,dua_dmd,68,0.99169,0.69373,4.91605,4.1526,3.9362,0.75471
214,euc_ctx,48,0.9909,0.32872,1.41206,4.2574,4.5772,0.40124
214,cau_ctx,95,0.99054,0.02456,5.39764,4.2574,1.2957,0.40124
214,dua_ctx,163,0.99027,0.28482,2.33819,4.2574,4.6952,0.40124
214,euc_unemb,20,0.99115,0.3581,1.81863,4.2574,3.595,0.40124
214,cau_unemb,22,0.99056,0.38385,1.68147,4.2574,3.6258,0.40124
214,dua_unemb,50,0.99129,0.49224,2.05495,4.2574,4.1912,0.40124
214,euc_dmd,20,0.99273,0.22516,2.25384,4.2574,3.6476,0.40124
214,cau_dmd,23,0.99111,0.26,2.27234,4.2574,3.8503,0.40124
214,dua_dmd,35,0.99176,0.35874,1.59368,4.2574,4.2716,0.40124
77,euc_ctx,39,0.99023,0.48711,2.55304,3.8824,4.2125,0.36667
77,cau_ctx,73,0.99027,0.20423,3.64482,3.8824,3.1385,0.36667
77,dua_ctx,206,0.99097,0.23103,6.57779,3.8824,4.2834,0.36667
77,euc_unemb,16,0.99105,0.41505,2.42057,3.8824,3.7722,0.36667
77,cau_unemb,18,0.99291,0.44362,2.41254,3.8824,3.9288,0.36667
77,dua_unemb,51,0.99054,0.39853,2.85673,3.8824,3.9616,0.36667
77,euc_dmd,16,0.99342,0.51025,2.4514,3.8824,3.8919,0.36667
77,cau_dmd,18,0.99273,0.51648,2.38287,3.8824,3.9178,0.36667
77,dua_dmd,35,0.99198,0.36739,1.71474,3.8824,4.2904,0.36667
84,euc_ctx,52,0.99002,0.60697,0.84969,3.5022,3.9366,0.6891
84,cau_ctx,98,0.99102,0.01892,5.38235,3.5022,1.0741,0.6891
84,dua_ctx,265,0.99008,0.55601,4.02468,3.5022,3.6749,0.6891
84,euc_unemb,24,0.99088,0.41567,1.55819,3.5022,3.8559,0.6891
84,cau_unemb,26,0.99138,0.40291,1.22733,3.5022,3.6421,0.6891
84,dua_unemb,99,0.99029,0.71561,3.75325,3.5022,3.7974,0.6891
84,euc_dmd,21,0.99255,0.44993,1.44295,3.5022,3.269,0.6891
84,cau_dmd,22,0.99081,0.41513,1.47703,3.5022,2.9893,0.6891
84,dua_dmd,57,0.99032,0.67145,2.49189,3.5022,3.7247,0.6891
41,euc_ctx,34,0.99019,0.599,1.29074,4.8765,4.645,0.5037
41,cau_ctx,65,0.9901,0.26192,2.73228,4.8765,3.0724,0.5037
41,dua_ctx,159,0.99065,0.43402,3.80073,4.8765,4.7035,0.5037
41,euc_unemb,15,0.99386,0.53698,1.97603,4.8765,3.87,0.5037
41,cau_unemb,16,0.99199,0.53582,1.69109,4.8765,3.9106,0.5037
41,dua_unemb,43,0.99199,0.6313,3.17164,4.8765,4.5415,0.5037
41,euc_dmd,14,0.99059,0.53251,1.67446,4.8765,3.9708,0.5037
41,cau_dmd,17,0.99302,0.55126,1.92285,4.8765,3.5484,0.5037
41,dua_dmd,28,0.99177,0.51161,1.81361,4.8765,4.6996,0.5037
251,euc_ctx,47,0.99123,0.62513,1.22264,4.1121,4.3466,0.61326
251,cau_ctx,89,0.99064,0.05614,4.30621,4.1121,1.3058,0.61326
251,dua_ctx,212,0.99107,0.52359,3.83251,4.1121,4.2363,0.61326
251,euc_unemb,20,0.99279,0.57435,1.77146,4.1121,3.9687,0.61326
251,cau_unemb,22,0.99211,0.57193,1.50785,4.1121,3.9038,0.61326
251,dua_unemb,69,0.99156,0.68375,4.52418,4.1121,3.9723,0.61326
251,euc_dmd,19,0.991,0.5299,1.59455,4.1121,3.8666,0.61326
251,cau_dmd,22,0.99141,0.61731,1.59223,4.1121,3.2806,0.61326
251,dua_dmd,37,0.99035,0.58215,1.54813,4.1121,4.2019,0.61326
96,euc_ctx,55,0.99149,0.7004,0.98803,3.7507,4.423,0.79926
96,cau_ctx,104,0.99064,0.01135,6.19869,3.7507,0.8987,0.79926
96,dua_ctx,240,0.99011,0.53933,3.27978,3.7507,4.0899,0.79926
96,euc_unemb,23,0.99337,0.61398,1.68633,3.7507,3.3216,0.79926
96,cau_unemb,25,0.99118,0.58486,1.35365,3.7507,3.3766,0.79926
96,dua_unemb,64,0.99008,0.83211,2.50648,3.7507,3.807,0.79926
96,euc_dmd,22,0.99177,0.58759,2.01104,3.7507,3.5551,0.79926
96,cau_dmd,26,0.99186,0.56441,2.3891,3.7507,2.8524,0.79926
96,dua_dmd,51,0.99226,0.7338,1.83414,3.7507,3.9218,0.79926
232,euc_ctx,42,0.99082,0.73566,1.72338,4.3256,4.3318,0.63103
232,cau_ctx,82,0.99028,0.33726,3.30425,4.3256,3.1651,0.63103
232,dua_ctx,198,0.99041,0.47782,6.24164,4.3256,4.8183,0.63103
232,euc_unemb,17,0.99018,0.67348,1.65471,4.3256,3.8265,0.63103
232,cau_unemb,19,0.99147,0.67471,1.56765,4.3256,3.8136,0.63103
232,dua_unemb,43,0.99265,0.68833,2.58031,4.3256,4.2842,0.63103
232,euc_dmd,17,0.99078,0.69895,1.7396,4.3256,3.8588,0.63103
232,cau_dmd,20,0.99186,0.70894,1.8482,4.3256,3.7327,0.63103
232,dua_dmd,35,0.99127,0.62458,2.00583,4.3256,4.5161,0.63103
256,euc_ctx,42,0.99051,0.53486,1.27532,4.4727,4.4714,0.499
256,cau_ctx,71,0.99066,0.36358,2.74649,4.4727,3.2899,0.499
256,dua_ctx,191,0.99012,0.43912,5.15929,4.4727,4.3385,0.499
256,euc_unemb,20,0.9936,0.48842,1.81498,4.4727,4.2844,0.499
256,cau_unemb,21,0.99084,0.51869,1.30196,4.4727,4.3176,0.499
256,dua_unemb,65,0.99094,0.64218,3.79566,4.4727,4.4247,0.499
256,euc_dmd,18,0.99223,0.50415,1.48681,4.4727,3.803,0.499
256,cau_dmd,20,0.99031,0.53715,1.4915,4.4727,3.4314,0.499
256,dua_dmd,34,0.99218,0.51523,1.54185,4.4727,4.5689,0.499
179,euc_ctx,65,0.99023,0.0165,1.76704,2.2538,1.2113,0.34672
179,cau_ctx,137,0.99038,0.00043,6.08558,2.2538,0.974,0.34672
179,dua_ctx,217,0.99055,0.35727,1.27254,2.2538,2.5998,0.34672
179,euc_unemb,33,0.9932,0.12333,1.22327,2.2538,3.0734,0.34672
179,cau_unemb,33,0.99223,0.06775,0.72223,2.2538,2.3241,0.34672
179,dua_unemb,94,0.99035,0.46374,1.16139,2.2538,2.7878,0.34672
179,euc_dmd,25,0.99139,0.02365,1.93013,2.2538,1.6085,0.34672
179,cau_dmd,26,0.99343,0.0152,2.2677,2.2538,0.9839,0.34672
179,dua_dmd,56,0.99062,0.35534,0.41612,2.2538,2.4651,0.34672
71,euc_ctx,37,0.99135,0.76534,1.32886,4.448,4.4094,0.70087
71,cau_ctx,71,0.99011,0.36356,2.74539,4.448,3.3102,0.70087
71,dua_ctx,190,0.99004,0.49569,4.79828,4.448,4.4892,0.70087
71,euc_unemb,15,0.99141,0.72316,1.54697,4.448,4.002,0.70087
71,cau_unemb,17,0.99325,0.72256,1.43844,4.448,4.0081,0.70087
71,dua_unemb,51,0.99154,0.73912,3.36249,4.448,4.3138,0.70087
71,euc_dmd,15,0.99247,0.7604,1.52324,4.448,3.7974,0.70087
71,cau_dmd,17,0.99096,0.74912,1.50929,4.448,3.5984,0.70087
71,dua_dmd,27,0.99202,0.6929,1.62806,4.448,4.3459,0.70087
121,euc_ctx,39,0.99024,0.44321,0.77636,4.7435,4.6346,0.33363
121,cau_ctx,75,0.99008,0.3304,1.79037,4.7435,3.8658,0.33363
121,dua_ctx,118,0.99029,0.30797,1.6218,4.7435,4.9138,0.33363
121,euc_unemb,17,0.99356,0.50762,1.23634,4.7435,4.0195,0.33363
121,cau_unemb,18,0.99093,0.48141,0.97523,4.7435,4.1086,0.33363
121,dua_unemb,34,0.99019,0.44825,1.23394,4.7435,4.5916,0.33363
121,euc_dmd,16,0.99197,0.37267,0.95996,4.7435,3.9033,0.33363
121,cau_dmd,18,0.99009,0.40352,0.88332,4.7435,3.7814,0.33363
121,dua_dmd,25,0.99065,0.34346,0.75071,4.7435,4.6006,0.33363
97,euc_ctx,59,0.9915,0.18958,2.41236,3.8858,3.0456,0.69207
97,cau_ctx,114,0.9908,0.00583,6.98582,3.8858,0.959,0.69207
97,dua_ctx,222,0.99053,0.47742,3.80936,3.8858,4.2882,0.69207
97,euc_unemb,27,0.99219,0.36782,2.14963,3.8858,3.9321,0.69207
97,cau_unemb,30,0.99236,0.3602,1.96169,3.8858,3.7317,0.69207
97,dua_unemb,76,0.99128,0.69449,3.77002,3.8858,3.9478,0.69207
97,euc_dmd,25,0.99314,0.22721,3.13251,3.8858,3.0636,0.69207
97,cau_dmd,27,0.99241,0.16468,3.73379,3.8858,2.2793,0.69207
97,dua_dmd,48,0.9919,0.60666,2.4725,3.8858,4.1442,0.69207
171,euc_ctx,49,0.99163,0.47489,1.29533,4.111,4.4423,0.58068
171,cau_ctx,93,0.9903,0.02147,5.11703,4.111,1.036,0.58068
171,dua_ctx,160,0.99113,0.47093,3.10271,4.111,4.4409,0.58068
171,euc_unemb,21,0.99415,0.48202,1.73387,4.111,3.6589,0.58068
171,cau_unemb,23,0.99289,0.47382,1.38194,4.111,3.755,0.58068
171,dua_unemb,44,0.9918,0.65805,1.98173,4.111,4.0604,0.58068
171,euc_dmd,20,0.99083,0.32218,1.82311,4.111,3.7579,0.58068
171,cau_dmd,23,0.99001,0.36311,1.68069,4.111,3.6254,0.58068
171,dua_dmd,36,0.99045,0.52336,1.36177,4.111,4.0909,0.58068
165,euc_ctx,41,0.99008,0.54703,2.00307,4.3611,4.5069,0.46114
165,cau_ctx,81,0.99033,0.06852,4.57305,4.3611,1.9068,0.46114
165,dua_ctx,189,0.99009,0.34029,5.64926,4.3611,4.6742,0.46114
165,euc_unemb,17,0.99308,0.60245,2.06735,4.3611,3.7654,0.46114
165,cau_unemb,19,0.99354,0.59814,1.90358,4.3611,3.8983,0.46114
165,dua_unemb,43,0.99185,0.55786,2.68841,4.3611,4.2496,0.46114
165,euc_dmd,16,0.9908,0.66874,1.82728,4.3611,3.8497,0.46114
165,cau_dmd,19,0.99237,0.59942,2.02171,4.3611,3.4866,0.46114
165,dua_dmd,31,0.99206,0.49556,1.38484,4.3611,4.5871,0.46114
242,euc_ctx,51,0.99059,0.75205,1.18126,4.3212,4.146,0.7318
242,cau_ctx,95,0.99107,0.03054,5.16908,4.3212,1.1094,0.7318
242,dua_ctx,225,0.99034,0.52021,4.6728,4.3212,4.4266,0.7318
242,euc_unemb,23,0.99314,0.63175,1.7021,4.3212,4.1242,0.7318
242,cau_unemb,25,0.99062,0.66292,1.38261,4.3212,4.1487,0.7318
242,dua_unemb,65,0.99114,0.75232,2.67232,4.3212,4.419,0.7318
242,euc_dmd,22,0.99193,0.65256,1.82356,4.3212,3.5185,0.7318
242,cau_dmd,25,0.99209,0.64311,2.10214,4.3212,2.8615,0.7318
242,dua_dmd,46,0.99074,0.70079,2.27603,4.3212,4.3208,0.7318
185,euc_ctx,43,0.99074,0.56959,1.70691,4.0707,4.1858,0.5389
185,cau_ctx,80,0.99072,0.04896,5.12591,4.0707,1.3956,0.5389
185,dua_ctx,215,0.99042,0.41964,6.24662,4.0707,4.2634,0.5389
185,euc_unemb,18,0.9901,0.55315,1.72961,4.0707,3.9065,0.5389
185,cau_unemb,20,0.99128,0.54682,1.6134,4.0707,3.9792,0.5389
185,dua_unemb,62,0.99174,0.61731,3.2913,4.0707,4.1659,0.5389
185,euc_dmd,17,0.99072,0.51645,1.83782,4.0707,3.6584,0.5389
185,cau_dmd,19,0.99053,0.46506,2.10695,4.0707,3.4187,0.5389
185,dua_dmd,36,0.9918,0.55745,1.69159,4.0707,4.2992,0.5389
156,euc_ctx,54,0.99085,0.75383,1.46727,4.5348,4.6699,0.73974
156,cau_ctx,104,0.9911,0.03066,6.1555,4.5348,0.965,0.73974
156,dua_ctx,202,0.99042,0.50426,4.75564,4.5348,4.6609,0.73974
156,euc_unemb,22,0.99226,0.67665,1.98202,4.5348,3.9566,0.73974
156,cau_unemb,25,0.99357,0.67569,1.79875,4.5348,3.8769,0.73974
156,dua_unemb,46,0.99251,0.75716,2.19529,4.5348,4.5236,0.73974
156,euc_dmd,22,0.99093,0.70891,2.17533,4.5348,3.8784,0.73974
156,cau_dmd,27,0.9927,0.63898,2.57632,4.5348,3.2703,0.73974
156,dua_dmd,47,0.99112,0.69218,2.28158,4.5348,4.6436,0.73974
202,euc_ctx,62,0.99105,0.6262,2.37018,4.2192,4.237,0.63504
202,cau_ctx,114,0.99113,0.00036,11.8111,4.2192,0.5701,0.63504
202,dua_ctx,202,0.99033,0.45737,6.90293,4.2192,4.5897,0.63504
202,euc_unemb,26,0.99316,0.46106,2.31167,4.2192,3.8758,0.63504
202,cau_unemb,29,0.992,0.44574,2.07209,4.2192,3.9454,0.63504
202,dua_unemb,51,0.99095,0.64781,2.0941,4.2192,4.3682,0.63504
202,euc_dmd,26,0.99364,0.4424,3.06892,4.2192,3.4981,0.63504
202,cau_dmd,30,0.99328,0.34852,3.87959,4.2192,2.4341,0.63504
202,dua_dmd,46,0.99132,0.56813,2.62064,4.2192,4.4153,0.63504
7,euc_ctx,35,0.99147,0.64591,1.64406,4.5305,4.4128,0.55167
7,cau_ctx,68,0.99034,0.2943,3.21533,4.5305,3.3351,0.55167
7,dua_ctx,168,0.99057,0.4278,5.77132,4.5305,4.7411,0.55167
7,euc_unemb,15,0.99369,0.62364,1.82227,4.5305,3.7757,0.55167
7,cau_unemb,16,0.99201,0.61583,1.53651,4.5305,3.8644,0.55167
7,dua_unemb,37,0.99084,0.65293,2.53032,4.5305,4.2611,0.55167
7,euc_dmd,14,0.99067,0.6375,1.65025,4.5305,3.8565,0.55167
7,cau_dmd,16,0.99073,0.61483,1.76425,4.5305,3.5794,0.55167
7,dua_dmd,27,0.9918,0.55565,1.89159,4.5305,4.5252,0.55167
55,euc_ctx,37,0.99039,0.45182,1.97773,3.2924,3.2184,0.39752
55,cau_ctx,66,0.99093,0.41128,2.99212,3.2924,3.2538,0.39752
55,dua_ctx,187,0.99026,0.33583,3.32027,3.2924,3.7824,0.39752
55,euc_unemb,17,0.99071,0.33517,2.07849,3.2924,2.7867,0.39752
55,cau_unemb,19,0.9927,0.39585,2.04982,3.2924,2.9541,0.39752
55,dua_unemb,69,0.99125,0.46782,1.64658,3.2924,3.6815,0.39752
55,euc_dmd,15,0.99008,0.32093,2.22312,3.2924,2.871,0.39752
55,cau_dmd,17,0.99304,0.3007,2.74515,3.2924,2.7348,0.39752
55,dua_dmd,44,0.99196,0.39756,0.9416,3.2924,3.759,0.39752
268,euc_ctx,41,0.99169,0.78104,0.78692,4.2153,4.1365,0.77784
268,cau_ctx,76,0.99103,0.28075,2.32452,4.2153,2.5787,0.77784
268,dua_ctx,195,0.99057,0.56079,3.38061,4.2153,4.2862,0.77784
268,euc_unemb,18,0.99417,0.73814,1.43036,4.2153,3.8386,0.77784
268,cau_unemb,19,0.99139,0.7474,1.09663,4.2153,3.9132,0.77784
268,dua_unemb,58,0.99135,0.80819,2.89207,4.2153,4.1605,0.77784
268,euc_dmd,17,0.99283,0.7668,1.18904,4.2153,3.5177,0.77784
268,cau_dmd,19,0.99077,0.77852,1.09852,4.2153,3.2259,0.77784
268,dua_dmd,41,0.99072,0.74738,1.71203,4.2153,3.9654,0.77784
148,euc_ctx,56,0.99185,0.71891,1.67346,4.2789,4.1991,0.71803
148,cau_ctx,106,0.99017,0.00383,8.3526,4.2789,0.6061,0.71803
148,dua_ctx,197,0.99012,0.48762,4.90089,4.2789,4.6831,0.71803
148,euc_unemb,23,0.99095,0.58494,1.97081,4.2789,3.8681,0.71803
148,cau_unemb,26,0.99226,0.59706,1.82671,4.2789,3.7689,0.71803
148,dua_unemb,55,0.99194,0.72241,3.35011,4.2789,4.2966,0.71803
148,euc_dmd,23,0.99215,0.62119,2.27787,4.2789,3.5492,0.71803
148,cau_dmd,27,0.99336,0.59444,2.85989,4.2789,2.5477,0.71803
148,dua_dmd,42,0.99199,0.66672,2.57122,4.2789,4.3912,0.71803
133,euc_ctx,40,0.99084,0.64578,1.16305,4.3982,3.9186,0.55237
133,cau_ctx,74,0.99048,0.43509,2.04947,4.3982,3.5763,0.55237
133,dua_ctx,204,0.99019,0.45561,4.86788,4.3982,4.5337,0.55237
133,euc_unemb,18,0.99275,0.53824,1.43212,4.3982,4.0255,0.55237
133,cau_unemb,19,0.99024,0.56529,1.21131,4.3982,3.9981,0.55237
133,dua_unemb,59,0.99076,0.63884,2.81305,4.3982,4.4135,0.55237
133,euc_dmd,17,0.99386,0.54196,1.41256,4.3982,3.6559,0.55237
133,cau_dmd,18,0.99133,0.51899,1.4327,4.3982,3.2755,0.55237
133,dua_dmd,34,0.99081,0.53905,1.60486,4.3982,4.4674,0.55237
25,euc_ctx,57,0.99038,0.08087,0.83981,4.3276,3.8174,0.19699
25,cau_ctx,119,0.99055,0.00141,6.45637,4.3276,0.9007,0.19699
25,dua_ctx,110,0.99064,0.17358,0.62967,4.3276,4.5702,0.19699
25,euc_unemb,26,0.9922,0.11492,0.87849,4.3276,3.786,0.19699
25,cau_unemb,28,0.99055,0.16284,0.53188,4.3276,4.1545,0.19699
25,dua_unemb,43,0.99115,0.24877,0.63892,4.3276,4.4451,0.19699
25,euc_dmd,23,0.99143,0.04854,1.26206,4.3276,3.1323,0.19699
25,cau_dmd,25,0.99124,0.07983,1.20885,4.3276,3.0504,0.19699
25,dua_dmd,31,0.99151,0.17447,0.41134,4.3276,4.3267,0.19699
85,euc_ctx,42,0.99124,0.784,1.21233,4.3641,4.4018,0.72891
85,cau_ctx,79,0.99111,0.30446,2.87863,4.3641,2.9272,0.72891
85,dua_ctx,198,0.99109,0.51237,5.36431,4.3641,4.4874,0.72891
85,euc_unemb,18,0.99146,0.81918,1.21916,4.3641,3.9637,0.72891
85,cau_unemb,20,0.99229,0.83962,1.04415,4.3641,3.9438,0.72891
85,dua_unemb,51,0.99256,0.79208,2.35782,4.3641,4.2876,0.72891
85,euc_dmd,18,0.99295,0.84282,1.34264,4.3641,3.7145,0.72891
85,cau_dmd,20,0.99035,0.83973,1.30528,4.3641,3.3614,0.72891
85,dua_dmd,36,0.99179,0.70736,1.19561,4.3641,4.4356,0.72891
30,euc_ctx,29,0.99054,0.69143,1.23619,4.645,4.1976,0.56619
30,cau_ctx,53,0.99072,0.6921,1.80729,4.645,3.8414,0.56619
30,dua_ctx,138,0.99014,0.46219,2.80117,4.645,4.5765,0.56619
30,euc_unemb,13,0.99423,0.53813,2.09742,4.645,3.1126,0.56619
30,cau_unemb,14,0.99223,0.52997,1.83045,4.645,3.1815,0.56619
30,dua_unemb,31,0.99302,0.66818,1.86963,4.645,4.2644,0.56619
30,euc_dmd,13,0.99333,0.60887,1.97401,4.645,3.3499,0.56619
30,cau_dmd,15,0.99085,0.62019,1.88241,4.645,3.46,0.56619
30,dua_dmd,37,0.99183,0.58973,2.55327,4.645,4.1804,0.56619
28,euc_ctx,51,0.99023,0.62073,1.86909,4.0822,4.3119,0.58182
28,cau_ctx,93,0.9905,0.02365,5.94324,4.0822,1.1327,0.58182
28,dua_ctx,207,0.99077,0.41116,6.07089,4.0822,4.4653,0.58182
28,euc_unemb,22,0.99206,0.4988,2.14292,4.0822,3.9889,0.58182
28,cau_unemb,24,0.99073,0.5524,1.8405,4.0822,4.0278,0.58182
28,dua_unemb,60,0.99062,0.60795,3.74466,4.0822,4.1945,0.58182
28,euc_dmd,22,0.9938,0.50857,2.42048,4.0822,3.7964,0.58182
28,cau_dmd,25,0.99165,0.53275,2.50993,4.0822,3.6497,0.58182
28,dua_dmd,49,0.99049,0.59233,3.57704,4.0822,4.2472,0.58182
277,euc_ctx,42,0.99185,0.83186,1.081,4.2756,4.0779,0.77284
277,cau_ctx,81,0.99019,0.32527,2.56063,4.2756,2.7951,0.77284
277,dua_ctx,218,0.99101,0.5443,4.68082,4.2756,4.3948,0.77284
277,euc_unemb,17,0.99144,0.81165,1.09629,4.2756,3.7954,0.77284
277,cau_unemb,19,0.99249,0.82499,0.92512,4.2756,3.867,0.77284
277,dua_unemb,47,0.99218,0.81544,2.04334,4.2756,4.1437,0.77284
277,euc_dmd,17,0.99266,0.84027,1.16264,4.2756,3.5384,0.77284
277,cau_dmd,19,0.99015,0.84061,1.04604,4.2756,3.455,0.77284
277,dua_dmd,37,0.99195,0.73635,1.17017,4.2756,4.2888,0.77284
209,euc_ctx,56,0.99163,0.71447,0.95734,4.1128,4.4397,0.81195
209,cau_ctx,107,0.9904,0.0093,6.32894,4.1128,0.8725,0.81195
209,dua_ctx,221,0.99068,0.58502,3.59762,4.1128,4.1789,0.81195
209,euc_unemb,23,0.99221,0.69644,1.79401,4.1128,3.8742,0.81195
209,cau_unemb,26,0.99242,0.7475,1.43773,4.1128,3.8015,0.81195
209,dua_unemb,68,0.99157,0.80494,2.91252,4.1128,4.1273,0.81195
209,euc_dmd,23,0.99269,0.68305,1.77531,4.1128,3.518,0.81195
209,cau_dmd,27,0.99111,0.74193,1.73892,4.1128,2.9684,0.81195
209,dua_dmd,41,0.99142,0.71262,1.33349,4.1128,4.1759,0.81195
66,euc_ctx,38,0.99141,0.73521,1.11057,4.6703,4.4093,0.67067
66,cau_ctx,71,0.99031,0.47559,2.04642,4.6703,3.8665,0.67067
66,dua_ctx,188,0.99048,0.49448,4.47062,4.6703,4.573,0.67067
66,euc_unemb,16,0.99291,0.71915,1.48839,4.6703,4.0641,0.67067
66,cau_unemb,17,0.99004,0.73554,1.18067,4.6703,4.0391,0.67067
66,dua_unemb,50,0.99009,0.72727,3.06181,4.6703,4.4281,0.67067
66,euc_dmd,16,0.99341,0.75119,1.32103,4.6703,3.7956,0.67067
66,cau_dmd,18,0.99144,0.77342,1.21181,4.6703,3.3991,0.67067
66,dua_dmd,36,0.99128,0.653,1.55616,4.6703,4.472,0.67067
247,euc_ctx,53,0.99011,0.69078,1.46601,4.439,4.6329,0.71497
247,cau_ctx,102,0.99098,0.00804,7.29404,4.439,1.0352,0.71497
247,dua_ctx,189,0.99082,0.47222,4.73537,4.439,4.7657,0.71497
247,euc_unemb,23,0.99402,0.6836,1.81872,4.439,3.947,0.71497
247,cau_unemb,25,0.99076,0.66636,1.48915,4.439,4.0081,0.71497
247,dua_unemb,51,0.9905,0.75501,2.36882,4.439,4.4009,0.71497
247,euc_dmd,22,0.99025,0.67952,1.9977,4.439,3.6727,0.71497
247,cau_dmd,26,0.99098,0.59513,2.45669,4.439,2.9281,0.71497
247,dua_dmd,44,0.99066,0.68751,2.26051,4.439,4.4781,0.71497
119,euc_ctx,44,0.99083,0.4733,1.96163,3.4811,4.0965,0.45438
119,cau_ctx,80,0.99095,0.03678,5.77242,3.4811,1.3202,0.45438
119,dua_ctx,165,0.99112,0.32653,3.1045,3.4811,3.8383,0.45438
119,euc_unemb,20,0.99202,0.41,2.82822,3.4811,3.0048,0.45438
119,cau_unemb,22,0.99074,0.42359,2.66769,3.4811,3.1598,0.45438
119,dua_unemb,59,0.99221,0.51672,2.11585,3.4811,3.6636,0.45438
119,euc_dmd,19,0.99056,0.34878,3.40763,3.4811,2.9132,0.45438
119,cau_dmd,22,0.99109,0.34578,3.96217,3.4811,3.0543,0.45438
119,dua_dmd,46,0.99113,0.44874,1.81731,3.4811,3.7677,0.45438
9,euc_ctx,37,0.99068,0.72057,1.48007,4.718,4.2727,0.55832
9,cau_ctx,70,0.99021,0.47141,2.41765,4.718,4.2312,0.55832
9,dua_ctx,200,0.99094,0.51151,6.28187,4.718,4.2428,0.55832
9,euc_unemb,15,0.99033,0.75258,1.7474,4.718,3.7482,0.55832
9,cau_unemb,17,0.99183,0.71918,1.45391,4.718,3.9798,0.55832
9,dua_unemb,64,0.99172,0.66059,4.53976,4.718,4.467,0.55832
9,euc_dmd,15,0.99375,0.74759,1.66801,4.718,3.553,0.55832
9,cau_dmd,17,0.99345,0.6373,1.60094,4.718,3.3984,0.55832
9,dua_dmd,29,0.99208,0.59096,1.49866,4.718,4.6169,0.55832
135,euc_ctx,37,0.99045,0.62377,0.77543,4.8353,4.4195,0.54896
135,cau_ctx,70,0.99077,0.3665,1.72196,4.8353,3.7791,0.54896
135,dua_ctx,183,0.99048,0.52492,3.64613,4.8353,4.4773,0.54896
135,euc_unemb,17,0.99181,0.6142,1.1569,4.8353,4.6682,0.54896
135,cau_unemb,19,0.99356,0.65559,1.01486,4.8353,4.4018,0.54896
135,dua_unemb,63,0.99016,0.6798,2.85138,4.8353,4.6223,0.54896
135,euc_dmd,15,0.99033,0.57752,0.94562,4.8353,4.064,0.54896
135,cau_dmd,17,0.99338,0.60206,1.067,4.8353,3.3838,0.54896
135,dua_dmd,36,0.99012,0.54342,1.4619,4.8353,4.6492,0.54896
265,euc_ctx,53,0.99162,0.70912,1.5718,3.9792,4.4315,0.72663
265,cau_ctx,99,0.99005,0.01525,6.78647,3.9792,0.9798,0.72663
265,dua_ctx,189,0.99102,0.48518,4.37083,3.9792,4.5517,0.72663
265,euc_unemb,22,0.99315,0.64841,1.95514,3.9792,3.3027,0.72663
265,cau_unemb,24,0.99072,0.61484,1.6833,3.9792,3.3606,0.72663
265,dua_unemb,52,0.99175,0.76246,2.67618,3.9792,4.0575,0.72663
265,euc_dmd,22,0.99381,0.69943,2.29553,3.9792,3.3251,0.72663
265,cau_dmd,26,0.99321,0.63799,2.53658,3.9792,3.0968,0.72663
265,dua_dmd,58,0.99085,0.72506,3.58246,3.9792,4.0549,0.72663
195,euc_ctx,55,0.9914,0.51177,2.75675,3.6081,4.0564,0.37991
195,cau_ctx,102,0.99089,0.00532,7.54272,3.6081,0.8999,0.37991
195,dua_ctx,190,0.99014,0.22284,4.0657,3.6081,4.3273,0.37991
195,euc_unemb,23,0.99044,0.42172,2.3281,3.6081,3.854,0.37991
195,cau_unemb,26,0.99325,0.47299,2.39043,3.6081,3.9741,0.37991
195,dua_unemb,53,0.99092,0.39236,1.89719,3.6081,3.9596,0.37991
195,euc_dmd,23,0.99323,0.529,2.47981,3.6081,3.9962,0.37991
195,cau_dmd,26,0.99255,0.41201,2.7654,3.6081,3.1932,0.37991
195,dua_dmd,46,0.99178,0.37846,1.46239,3.6081,4.1426,0.37991
45,euc_ctx,37,0.99047,0.50654,1.82452,4.1029,3.6353,0.55154
45,cau_ctx,73,0.9904,0.11086,4.34138,4.1029,2.2604,0.55154
45,dua_ctx,183,0.99079,0.38819,5.42851,4.1029,4.2505,0.55154
45,euc_unemb,15,0.99357,0.59874,1.93406,4.1029,2.7754,0.55154
45,cau_unemb,16,0.99194,0.61434,1.58399,4.1029,2.927,0.55154
45,dua_unemb,42,0.99072,0.62555,2.31744,4.1029,3.9574,0.55154
45,euc_dmd,14,0.99088,0.62072,1.74685,4.1029,2.9109,0.55154
45,cau_dmd,17,0.99359,0.56577,2.02669,4.1029,2.8011,0.55154
45,dua_dmd,30,0.99196,0.53841,1.58056,4.1029,4.1285,0.55154
86,euc_ctx,43,0.9907,0.39983,0.40086,3.8107,4.1206,0.43431
86,cau_ctx,76,0.99091,0.28944,1.25978,3.8107,3.3143,0.43431
86,dua_ctx,217,0.9909,0.43911,2.89822,3.8107,3.8666,0.43431
86,euc_unemb,20,0.99227,0.5088,0.78226,3.8107,3.5911,0.43431
86,cau_unemb,21,0.99091,0.56737,0.52689,3.8107,3.5049,0.43431
86,dua_unemb,91,0.99165,0.61908,3.12663,3.8107,3.7103,0.43431
86,euc_dmd,18,0.99107,0.2222,0.83382,3.8107,3.9819,0.43431
86,cau_dmd,20,0.99139,0.26542,0.6736,3.8107,4.0789,0.43431
86,dua_dmd,63,0.99176,0.48373,1.77382,3.8107,3.6397,0.43431
19,euc_ctx,41,0.99134,0.79598,0.99602,4.3883,4.2913,0.76659
19,cau_ctx,77,0.99056,0.3656,2.15804,4.3883,3.1677,0.76659
19,dua_ctx,205,0.99119,0.55908,3.9834,4.3883,4.4057,0.76659
19,euc_unemb,18,0.99397,0.72369,1.45812,4.3883,4.0862,0.76659
19,cau_unemb,19,0.99144,0.73605,1.14993,4.3883,4.0823,0.76659
19,dua_unemb,58,0.99031,0.79645,3.14085,4.3883,4.2984,0.76659
19,euc_dmd,17,0.99299,0.77771,1.31529,4.3883,3.7843,0.76659
19,cau_dmd,19,0.99192,0.78749,1.29702,4.3883,3.3901,0.76659
19,dua_dmd,30,0.99109,0.714,1.35176,4.3883,4.4129,0.76659
263,euc_ctx,38,0.99044,0.52013,1.32449,4.4418,3.7317,0.42806
263,cau_ctx,72,0.99019,0.16297,3.27167,4.4418,2.5269,0.42806
263,dua_ctx,175,0.99112,0.42637,4.20134,4.4418,4.2913,0.42806
263,euc_unemb,17,0.99282,0.66924,1.37652,4.4418,4.3957,0.42806
263,cau_unemb,18,0.99058,0.5876,0.94928,4.4418,4.2048,0.42806
263,dua_unemb,46,0.99122,0.57179,1.53235,4.4418,4.3652,0.42806
263,euc_dmd,16,0.99383,0.5854,1.43138,4.4418,3.3267,0.42806
263,cau_dmd,17,0.99037,0.37871,1.63566,4.4418,2.3944,0.42806
263,dua_dmd,30,0.99196,0.48019,0.86781,4.4418,4.4875,0.42806
298,euc_ctx,45,0.99156,0.60891,1.43939,4.3172,4.3754,0.60872
298,cau_ctx,84,0.99009,0.1179,3.71288,4.3172,1.8026,0.60872
298,dua_ctx,175,0.99067,0.49528,3.61185,4.3172,4.6765,0.60872
298,euc_unemb,19,0.99371,0.50955,1.9819,4.3172,3.5146,0.60872
298,cau_unemb,20,0.99015,0.48027,1.6359,4.3172,3.5461,0.60872
298,dua_unemb,45,0.99191,0.68593,2.8388,4.3172,4.1168,0.60872
298,euc_dmd,18,0.99073,0.52629,1.71976,4.3172,3.7925,0.60872
298,cau_dmd,21,0.99043,0.57961,1.66014,4.3172,3.6461,0.60872
298,dua_dmd,37,0.99184,0.57306,1.83287,4.3172,4.2382,0.60872
50,euc_ctx,56,0.99004,0.04866,2.49138,4.1095,1.6938,0.51198
50,cau_ctx,107,0.99016,0.01856,5.01252,4.1095,1.2757,0.51198
50,dua_ctx,188,0.99046,0.47032,2.28539,4.1095,4.3601,0.51198
50,euc_unemb,27,0.99378,0.32893,1.53808,4.1095,4.1923,0.51198
50,cau_unemb,30,0.99323,0.31729,1.34096,4.1095,3.7324,0.51198
50,dua_unemb,71,0.99243,0.64049,2.06162,4.1095,4.2004,0.51198
50,euc_dmd,25,0.99382,0.05304,2.97486,4.1095,1.6904,0.51198
50,cau_dmd,27,0.99347,0.0267,3.85497,4.1095,0.8038,0.51198
50,dua_dmd,49,0.99064,0.50163,1.34638,4.1095,4.1969,0.51198
18,euc_ctx,44,0.99013,0.73982,1.73876,4.3318,4.4863,0.61212
18,cau_ctx,82,0.99085,0.28951,3.57393,4.3318,2.6958,0.61212
18,dua_ctx,189,0.99094,0.47094,5.48024,4.3318,4.6612,0.61212
18,euc_unemb,19,0.99219,0.68936,1.83175,4.3318,4.1481,0.61212
18,cau_unemb,21,0.99106,0.69825,1.54425,4.3318,4.1385,0.61212
18,dua_unemb,47,0.99139,0.65665,2.8836,4.3318,4.3393,0.61212
18,euc_dmd,19,0.99123,0.74219,1.76776,4.3318,3.924,0.61212
18,cau_dmd,23,0.99195,0.77586,1.86735,4.3318,3.5006,0.61212
18,dua_dmd,56,0.99011,0.64938,3.09216,4.3318,4.241,0.61212
228,euc_ctx,47,0.99156,0.84214,0.87825,4.2118,4.2958,0.83976
228,cau_ctx,89,0.99109,0.3459,2.76829,4.2118,2.6689,0.83976
228,dua_ctx,211,0.99048,0.59057,3.84123,4.2118,4.3336,0.83976
228,euc_unemb,19,0.99243,0.82708,1.3349,4.2118,3.5763,0.83976
228,cau_unemb,21,0.9908,0.82732,1.09101,4.2118,3.6596,0.83976
228,dua_unemb,40,0.9921,0.85612,1.18107,4.2118,4.189,0.83976
228,euc_dmd,20,0.99347,0.84834,1.59875,4.2118,3.4368,0.83976
228,cau_dmd,24,0.99232,0.84802,1.70067,4.2118,3.1602,0.83976
228,dua_dmd,55,0.99129,0.79771,1.75385,4.2118,4.1648,0.83976
196,euc_ctx,53,0.99044,0.16987,1.82758,4.4435,3.216,0.44062
196,cau_ctx,104,0.99078,0.0015,7.6454,4.4435,0.7689,0.44062
196,dua_ctx,132,0.99005,0.32688,1.97515,4.4435,4.8219,0.44062
196,euc_unemb,22,0.99334,0.34139,1.73174,4.4435,3.8203,0.44062
196,cau_unemb,24,0.99053,0.29293,1.39652,4.4435,3.8069,0.44062
196,dua_unemb,39,0.99053,0.48866,1.37955,4.4435,4.4706,0.44062
196,euc_dmd,21,0.99236,0.15176,2.44669,4.4435,3.0466,0.44062
196,cau_dmd,24,0.9909,0.11773,2.93284,4.4435,2.017,0.44062
196,dua_dmd,35,0.99211,0.39215,1.25177,4.4435,4.403,0.44062
222,euc_ctx,47,0.9912,0.42522,1.31743,5.0536,4.9979,0.47073
222,cau_ctx,89,0.99083,0.04975,4.37669,5.0536,1.4791,0.47073
222,dua_ctx,150,0.99034,0.425,3.16733,5.0536,4.9566,0.47073
222,euc_unemb,19,0.99136,0.46409,1.79705,5.0536,4.2227,0.47073
222,cau_unemb,22,0.99334,0.48369,1.75795,5.0536,3.9932,0.47073
222,dua_unemb,35,0.99251,0.52674,1.61748,5.0536,4.9782,0.47073
222,euc_dmd,20,0.99399,0.41966,1.99902,5.0536,4.2539,0.47073
222,cau_dmd,24,0.99301,0.49051,2.03123,5.0536,3.9167,0.47073
222,dua_dmd,45,0.99085,0.45067,2.20254,5.0536,4.8453,0.47073
1,euc_ctx,52,0.99068,0.10294,2.21315,3.768,3.6106,0.25105
1,cau_ctx,93,0.99108,0.00102,9.3603,3.768,0.831,0.25105
1,dua_ctx,151,0.99112,0.22413,3.30691,3.768,4.3058,0.25105
1,euc_unemb,24,0.99439,0.16111,1.7463,3.768,2.9687,0.25105
1,cau_unemb,26,0.9939,0.08363,1.63969,3.768,2.6689,0.25105
1,dua_unemb,44,0.99119,0.28463,1.47414,3.768,3.8768,0.25105
1,euc_dmd,22,0.99377,0.0733,2.0961,3.768,2.3986,0.25105
1,cau_dmd,24,0.99235,0.04665,2.50043,3.768,2.3042,0.25105
1,dua_dmd,31,0.992,0.23088,0.90588,3.768,4.0967,0.25105
223,euc_ctx,35,0.99186,0.72459,0.89793,3.4584,2.5865,0.67564
223,cau_ctx,66,0.9909,0.18792,2.74683,3.4584,2.0155,0.67564
223,dua_ctx,238,0.991,0.5991,5.4317,3.4584,3.4001,0.67564
223,euc_unemb,16,0.99003,0.76516,0.76474,3.4584,3.1898,0.67564
223,cau_unemb,17,0.99159,0.7259,0.60023,3.4584,2.9479,0.67564
223,dua_unemb,88,0.99155,0.80106,3.89176,3.4584,3.5307,0.67564
223,euc_dmd,14,0.99438,0.72344,0.90798,3.4584,2.1589,0.67564
223,cau_dmd,14,0.99264,0.57299,1.00006,3.4584,2.0205,0.67564
223,dua_dmd,43,0.99126,0.74287,1.31841,3.4584,3.4842,0.67564
259,euc_ctx,45,0.99183,0.7209,1.58315,4.448,4.1771,0.65241
259,cau_ctx,85,0.99007,0.08927,4.42943,4.448,1.6355,0.65241
259,dua_ctx,211,0.99009,0.4879,5.37165,4.448,4.6377,0.65241
259,euc_unemb,19,0.99279,0.62994,1.87266,4.448,3.9258,0.65241
259,cau_unemb,21,0.99238,0.62401,1.69522,4.448,3.9444,0.65241
259,dua_unemb,52,0.99051,0.70779,2.54211,4.448,4.4058,0.65241
259,euc_dmd,19,0.99399,0.62902,2.14903,4.448,3.6456,0.65241
259,cau_dmd,21,0.99121,0.53742,2.2893,4.448,3.2483,0.65241
259,dua_dmd,34,0.99105,0.63608,2.05825,4.448,4.5817,0.65241
159,euc_ctx,38,0.99101,0.62493,1.17286,4.0984,4.1065,0.66366
159,cau_ctx,75,0.99024,0.20904,2.77215,4.0984,3.2579,0.66366
159,dua_ctx,193,0.99072,0.46757,4.02665,4.0984,4.1032,0.66366
159,euc_unemb,15,0.99107,0.64715,1.65523,4.0984,3.0407,0.66366
159,cau_unemb,17,0.99419,0.66226,1.53232,4.0984,3.0269,0.66366
159,dua_unemb,56,0.99189,0.73139,4.26807,4.0984,3.8847,0.66366
159,euc_dmd,15,0.99401,0.70189,1.51441,4.0984,3.0229,0.66366
159,cau_dmd,17,0.99316,0.72546,1.37189,4.0984,3.0068,0.66366
159,dua_dmd,28,0.99077,0.62107,1.11272,4.0984,4.0163,0.66366
250,euc_ctx,42,0.99175,0.33482,1.59429,3.8591,4.1375,0.23504
250,cau_ctx,76,0.9903,0.08755,4.26347,3.8591,2.1714,0.23504
250,dua_ctx,155,0.99021,0.25606,3.17341,3.8591,4.2782,0.23504
250,euc_unemb,18,0.9917,0.30862,1.23313,3.8591,3.6999,0.23504
250,cau_unemb,20,0.99353,0.25326,1.08447,3.8591,3.5985,0.23504
250,dua_unemb,42,0.99221,0.30913,1.41868,3.8591,3.8725,0.23504
250,euc_dmd,17,0.99393,0.24065,1.29136,3.8591,3.3799,0.23504
250,cau_dmd,18,0.99207,0.15695,1.42869,3.8591,3.0195,0.23504
250,dua_dmd,27,0.9924,0.24247,0.77041,3.8591,4.0972,0.23504
183,euc_ctx,50,0.99002,0.20979,2.21012,3.5066,3.9726,0.208
183,cau_ctx,92,0.99041,0.00399,7.61778,3.5066,1.0179,0.208
183,dua_ctx,154,0.99034,0.1663,2.94635,3.5066,4.1496,0.208
183,euc_unemb,22,0.99257,0.20856,1.94985,3.5066,3.1022,0.208
183,cau_unemb,24,0.99199,0.149,1.82342,3.5066,2.9828,0.208
183,dua_unemb,44,0.99097,0.23607,1.25574,3.5066,3.7226,0.208
183,euc_dmd,21,0.9934,0.16516,2.0075,3.5066,2.7463,0.208
183,cau_dmd,23,0.99171,0.10671,2.21448,3.5066,2.5183,0.208
183,dua_dmd,33,0.99085,0.19985,0.89749,3.5066,3.87,0.208
215,euc_ctx,58,0.99088,0.60229,0.9374,4.1662,4.5649,0.79388
215,cau_ctx,101,0.99061,0.01816,5.45282,4.1662,1.0403,0.79388
215,dua_ctx,213,0.99079,0.55475,3.43409,4.1662,4.3324,0.79388
215,euc_unemb,28,0.99355,0.67762,1.66943,4.1662,4.4477,0.79388
215,cau_unemb,31,0.99198,0.73683,1.2462,4.1662,4.2074,0.79388
215,dua_unemb,109,0.99086,0.77025,4.17329,4.1662,4.2829,0.79388
215,euc_dmd,26,0.99026,0.60621,1.76285,4.1662,3.6232,0.79388
215,cau_dmd,29,0.99241,0.69958,1.89129,4.1662,2.6065,0.79388
215,dua_dmd,97,0.9908,0.77754,3.44609,4.1662,3.8602,0.79388
208,euc_ctx,39,0.99113,0.65981,1.70624,4.0451,3.9864,0.56795
208,cau_ctx,74,0.99072,0.31039,3.1753,4.0451,3.3191,0.56795
208,dua_ctx,199,0.99107,0.45369,7.09543,4.0451,4.1641,0.56795
208,euc_unemb,17,0.99189,0.62873,1.84052,4.0451,3.9044,0.56795
208,cau_unemb,19,0.99366,0.62979,1.63141,4.0451,3.8653,0.56795
208,dua_unemb,65,0.99026,0.65973,5.15022,4.0451,4.0473,0.56795
208,euc_dmd,16,0.99284,0.66926,1.60936,4.0451,3.4066,0.56795
208,cau_dmd,18,0.99386,0.69105,1.65202,4.0451,2.9212,0.56795
208,dua_dmd,27,0.99265,0.57983,1.35428,4.0451,4.3149,0.56795
210,euc_ctx,43,0.9913,0.70753,1.19804,4.9497,4.5855,0.6469
210,cau_ctx,81,0.99107,0.40551,2.42395,4.9497,3.8024,0.6469
210,dua_ctx,208,0.99042,0.49111,4.81279,4.9497,4.5482,0.6469
210,euc_unemb,18,0.99357,0.75747,1.65903,4.9497,3.8123,0.6469
210,cau_unemb,20,0.99336,0.74344,1.325,4.9497,4.0824,0.6469
210,dua_unemb,61,0.99065,0.72442,3.77959,4.9497,4.4978,0.6469
210,euc_dmd,17,0.99038,0.72499,1.30443,4.9497,3.8792,0.6469
210,cau_dmd,20,0.99022,0.68456,1.23556,4.9497,3.7571,0.6469
210,dua_dmd,31,0.99181,0.62183,1.32168,4.9497,4.6842,0.6469
