ctx_id,method,probe,c,kl_full_end,kl_full_opt,gap,P1_end,P1_opt
93,euc_ctx,ctx,553.9131,2.60662,0.00092,2.60571,0.91187,0.00148
93,cau_ctx,ctx,1640.2581,3.87841,0.00213,3.87628,0.90151,0.00149
93,dua_ctx,ctx,6637.34983,9.2704,0.02092,9.24948,0.90438,0.00152
93,euc_unemb,unemb,1.87537,2.39448,0.04253,2.35195,0.92543,0.01381
93,cau_unemb,unemb,1.60195,2.15767,0.03943,2.11824,0.90232,0.01359
93,dua_unemb,unemb,8.36507,3.75432,0.12589,3.62843,0.90022,0.01556
93,euc_dmd,dmd,1.67206,2.83003,0.09641,2.73362,0.93858,0.01718
93,cau_dmd,dmd,1.88379,2.94522,0.10475,2.84047,0.92938,0.01726
93,dua_dmd,dmd,4.82623,3.72942,0.32521,3.40421,0.9064,0.01779
57,euc_ctx,ctx,591.34961,2.3344,0.00415,2.33024,0.91313,0.00413
57,cau_ctx,ctx,1459.59583,4.08303,0.01072,4.07232,0.90826,0.00419
57,dua_ctx,ctx,6870.78948,9.00396,0.09799,8.90597,0.90331,0.00415
57,euc_unemb,unemb,2.45943,2.73057,0.11345,2.61711,0.93759,0.03712
57,cau_unemb,unemb,2.19783,2.63711,0.10565,2.53146,0.93004,0.0366
57,dua_unemb,unemb,17.54637,9.2923,0.76073,8.53157,0.90597,0.04276
57,euc_dmd,dmd,1.38729,2.66062,0.22243,2.4382,0.9307,0.05029
57,cau_dmd,dmd,1.29705,2.80222,0.21641,2.5858,0.92147,0.05011
57,dua_dmd,dmd,3.01873,3.14419,0.37295,2.77124,0.90185,0.05226
52,euc_ctx,ctx,535.54078,1.42591,0.00259,1.42332,0.91448,0.07753
52,cau_ctx,ctx,1042.20303,1.49745,0.00634,1.49112,0.9014,0.07764
52,dua_ctx,ctx,3748.60147,2.94985,0.04671,2.90314,0.90338,0.07768
52,euc_unemb,unemb,2.32894,1.72633,0.10901,1.61731,0.93324,0.13969
52,cau_unemb,unemb,2.38091,1.72459,0.11119,1.6134,0.9344,0.13998
52,dua_unemb,unemb,4.16614,1.67207,0.19059,1.48148,0.91044,0.14632
52,euc_dmd,dmd,1.99962,1.67492,0.11794,1.55698,0.92482,0.12419
52,cau_dmd,dmd,2.43734,1.85854,0.13947,1.71907,0.93353,0.1258
52,dua_dmd,dmd,5.00762,2.52626,0.29237,2.23389,0.90606,0.13002
158,euc_ctx,ctx,966.11016,1.89879,0.00104,1.89775,0.9164,0.00138
158,cau_ctx,ctx,1703.35477,2.47644,0.00209,2.47435,0.90822,0.00138
158,dua_ctx,ctx,4891.53379,2.98859,0.00902,2.97958,0.90089,0.00136
158,euc_unemb,unemb,4.44292,2.5196,0.01135,2.50825,0.92914,0.00531
158,cau_unemb,unemb,4.36769,2.44499,0.01118,2.43381,0.91181,0.0053
158,dua_unemb,unemb,22.18686,5.58976,0.0578,5.53196,0.90275,0.0061
158,euc_dmd,dmd,3.26592,3.2248,0.03724,3.18756,0.92591,0.0104
158,cau_dmd,dmd,3.30777,3.39154,0.03755,3.35399,0.9184,0.01041
158,dua_dmd,dmd,15.54458,8.11779,0.29568,7.82211,0.90086,0.01086
297,euc_ctx,ctx,708.12736,3.1003,0.00096,3.09934,0.90341,9e-05
297,cau_ctx,ctx,2178.33847,8.12469,0.00241,8.12228,0.9102,0.0001
297,dua_ctx,ctx,6177.15683,8.42006,0.01043,8.40963,0.90153,0.00013
297,euc_unemb,unemb,1.00602,2.99678,0.06745,2.92933,0.92223,0.02088
297,cau_unemb,unemb,1.07235,3.09639,0.06874,3.02765,0.90913,0.02097
297,dua_unemb,unemb,6.46878,4.49042,0.20146,4.28896,0.91046,0.02353
297,euc_dmd,dmd,1.98049,3.88038,0.10233,3.77805,0.93501,0.01402
297,cau_dmd,dmd,2.48653,4.45371,0.23798,4.21573,0.91146,0.01414
297,dua_dmd,dmd,8.65378,8.23858,0.47489,7.76369,0.90033,0.01449
214,euc_ctx,ctx,897.8472,1.93622,0.00382,1.93239,0.9107,0.00347
214,cau_ctx,ctx,2029.29544,3.96236,0.01087,3.95149,0.90312,0.00355
214,dua_ctx,ctx,4563.46652,3.08362,0.03442,3.0492,0.90168,0.00347
214,euc_unemb,unemb,2.01916,2.21724,0.07096,2.14627,0.93342,0.04294
214,cau_unemb,unemb,1.76212,2.01446,0.06556,1.94889,0.91203,0.04206
214,dua_unemb,unemb,6.59729,2.44457,0.17889,2.26568,0.90428,0.04963
214,euc_dmd,dmd,1.72395,2.54645,0.09686,2.44959,0.91216,0.04234
214,cau_dmd,dmd,2.30483,2.8553,0.11602,2.73927,0.92899,0.0436
214,dua_dmd,dmd,3.11316,1.9256,0.14304,1.78255,0.91066,0.04478
77,euc_ctx,ctx,295.82738,2.15042,0.00239,2.14803,0.91299,0.01419
77,cau_ctx,ctx,1079.48007,2.56516,0.00655,2.55861,0.90687,0.01426
77,dua_ctx,ctx,5927.66638,6.54321,5.70669,0.83652,0.90039,0.04714
77,euc_unemb,unemb,1.87542,2.01445,0.04594,1.9685,0.92194,0.04304
77,cau_unemb,unemb,1.79208,1.92475,0.04463,1.88012,0.91812,0.04276
77,dua_unemb,unemb,8.0351,2.73007,0.16059,2.56948,0.90113,0.05145
77,euc_dmd,dmd,1.26599,2.20484,0.13681,2.06803,0.93963,0.07952
77,cau_dmd,dmd,1.23954,2.04745,0.1355,1.91196,0.92227,0.07941
77,dua_dmd,dmd,3.28706,2.07919,0.24627,1.83292,0.91099,0.08374
84,euc_ctx,ctx,854.63636,2.24814,0.00276,2.24538,0.90682,0.00162
84,cau_ctx,ctx,1899.75311,5.0563,0.00737,5.04893,0.90607,0.00165
84,dua_ctx,ctx,7868.12804,8.0226,8.0226,0.0,0.90013,0.90013
84,euc_unemb,unemb,2.70824,2.59164,0.07441,2.51723,0.90915,0.02206
84,cau_unemb,unemb,2.76054,2.94067,0.07537,2.8653,0.93182,0.02211
84,dua_unemb,unemb,23.20303,9.29686,8.90341,0.39346,0.90392,0.90392
84,euc_dmd,dmd,1.1876,2.64812,0.14431,2.50382,0.90235,0.02595
84,cau_dmd,dmd,1.04515,2.91716,0.13971,2.77745,0.90648,0.02585
84,dua_dmd,dmd,5.60857,4.38202,0.38699,3.99502,0.90261,0.02694
41,euc_ctx,ctx,366.2729,1.71401,0.00323,1.71078,0.90581,0.03199
41,cau_ctx,ctx,1075.24451,2.23652,0.00923,2.2273,0.90086,0.03216
41,dua_ctx,ctx,4480.25365,4.89224,0.06823,4.82401,0.90158,0.03226
41,euc_unemb,unemb,1.69804,1.75649,0.13002,1.62647,0.90171,0.10452
41,cau_unemb,unemb,1.70413,1.7543,0.13032,1.62397,0.90497,0.10457
41,dua_unemb,unemb,6.27307,3.2567,0.38232,2.87438,0.90304,0.11793
41,euc_dmd,dmd,1.52627,1.93619,0.22023,1.71596,0.91482,0.11503
41,cau_dmd,dmd,1.92749,2.27597,0.26858,2.00739,0.93118,0.11673
41,dua_dmd,dmd,2.66737,2.11722,0.33768,1.77954,0.91174,0.11883
251,euc_ctx,ctx,449.21621,2.32536,0.00247,2.32289,0.91515,0.00409
251,cau_ctx,ctx,1404.53725,3.72296,0.00692,3.71604,0.90301,0.00413
251,dua_ctx,ctx,5667.05176,5.84282,0.04659,5.79622,0.9019,0.004
251,euc_unemb,unemb,1.88343,2.23695,0.05366,2.18329,0.90754,0.02321
251,cau_unemb,unemb,2.10628,2.47194,0.05736,2.41458,0.92612,0.0236
251,dua_unemb,unemb,11.79067,6.604,0.25344,6.35055,0.90055,0.02766
251,euc_dmd,dmd,1.69913,2.74155,0.11571,2.62584,0.93174,0.03068
251,cau_dmd,dmd,1.92155,2.91422,0.12308,2.79114,0.92878,0.03093
251,dua_dmd,dmd,3.29359,2.64293,0.17073,2.4722,0.90672,0.03193
96,euc_ctx,ctx,711.77551,2.70958,0.00274,2.70684,0.90108,0.00073
96,cau_ctx,ctx,1951.53998,6.33033,0.0078,6.32253,0.9049,0.00077
96,dua_ctx,ctx,6708.42608,7.79845,0.04002,7.75843,0.90129,0.0008
96,euc_unemb,unemb,1.62678,2.6985,0.07613,2.62237,0.90528,0.0218
96,cau_unemb,unemb,1.72558,2.87397,0.07821,2.79576,0.91066,0.02192
96,dua_unemb,unemb,11.01711,6.4768,0.34046,6.13634,0.90732,0.02458
96,euc_dmd,dmd,1.73352,3.45158,0.14349,3.30809,0.93328,0.01968
96,cau_dmd,dmd,1.869,3.67131,0.15274,3.51857,0.90189,0.01973
96,dua_dmd,dmd,5.34475,4.94447,0.34322,4.60125,0.90299,0.02036
232,euc_ctx,ctx,181.91692,2.4458,0.00255,2.44325,0.91553,0.00646
232,cau_ctx,ctx,1137.98493,3.13958,0.00735,3.13223,0.90297,0.00653
232,dua_ctx,ctx,5475.50437,7.8172,0.05411,7.76309,0.90025,0.00651
232,euc_unemb,unemb,1.69372,2.22011,0.06991,2.15019,0.91228,0.03218
232,cau_unemb,unemb,1.56556,2.1062,0.06713,2.03907,0.90154,0.03189
232,dua_unemb,unemb,5.93194,3.37348,0.17135,3.20213,0.9056,0.03643
232,euc_dmd,dmd,0.97454,2.36939,0.20741,2.16198,0.91921,0.05687
232,cau_dmd,dmd,1.2737,2.56167,0.22868,2.33298,0.92067,0.05732
232,dua_dmd,dmd,2.90099,3.13191,0.35889,2.77302,0.90449,0.05856
256,euc_ctx,ctx,872.24959,1.93867,0.00425,1.93441,0.91011,0.0059
256,cau_ctx,ctx,1560.32553,2.5058,0.0087,2.4971,0.90986,0.00594
256,dua_ctx,ctx,5940.82914,7.04785,0.10645,6.9414,0.90086,0.00616
256,euc_unemb,unemb,2.19102,1.9881,0.11841,1.86969,0.91726,0.0588
256,cau_unemb,unemb,1.97521,1.90051,0.11059,1.78992,0.91275,0.05766
256,dua_unemb,unemb,12.22748,4.86881,0.55039,4.31842,0.90399,0.07262
256,euc_dmd,dmd,1.81414,2.23874,0.18233,2.05641,0.93338,0.0627
256,cau_dmd,dmd,1.72439,2.31246,0.17696,2.1355,0.91082,0.06237
256,dua_dmd,dmd,3.35922,2.32175,0.41749,1.90426,0.91942,0.06642
179,euc_ctx,ctx,1123.34052,2.34116,0.00068,2.34048,0.90566,0.00012
179,cau_ctx,ctx,2821.09176,4.41982,0.002,4.41782,0.90084,0.00013
179,dua_ctx,ctx,6212.94394,2.10007,0.0074,2.09266,0.90083,0.00013
179,euc_unemb,unemb,3.05296,1.93972,0.00699,1.93273,0.91111,0.00355
179,cau_unemb,unemb,1.94626,1.76994,0.00519,1.76474,0.90817,0.00323
179,dua_unemb,unemb,21.30869,2.17408,0.04851,2.12557,0.90057,0.00433
179,euc_dmd,dmd,1.07663,2.53792,0.00848,2.52944,0.92671,0.00424
179,cau_dmd,dmd,0.4605,2.73362,0.00655,2.72707,0.92284,0.00402
179,dua_dmd,dmd,7.25973,1.42392,0.02943,1.39449,0.91292,0.00475
71,euc_ctx,ctx,204.18092,2.33556,0.00292,2.33264,0.91656,0.01812
71,cau_ctx,ctx,1028.66352,2.93016,0.0085,2.92166,0.90517,0.01821
71,dua_ctx,ctx,5707.64484,7.47352,0.07864,7.39488,0.90206,0.01826
71,euc_unemb,unemb,1.68906,2.26355,0.1111,2.15245,0.91715,0.05917
71,cau_unemb,unemb,1.6489,2.23284,0.1096,2.12324,0.91492,0.05903
71,dua_unemb,unemb,8.28082,5.20035,0.42006,4.78029,0.9077,0.066
71,euc_dmd,dmd,1.14021,2.4712,0.34703,2.12417,0.92778,0.08983
71,cau_dmd,dmd,1.14595,2.39277,0.34757,2.04519,0.90472,0.08984
71,dua_dmd,dmd,2.06846,2.62923,0.443,2.18624,0.905,0.09115
121,euc_ctx,ctx,515.37138,1.16267,0.00234,1.16033,0.90795,0.02078
121,cau_ctx,ctx,1317.46318,1.476,0.00612,1.46988,0.90937,0.02077
121,dua_ctx,ctx,3028.79192,2.00291,0.01809,1.98482,0.90012,0.02067
121,euc_unemb,unemb,1.91392,1.16275,0.07881,1.08394,0.9129,0.08209
121,cau_unemb,unemb,1.83301,1.10099,0.07661,1.02438,0.90904,0.08163
121,dua_unemb,unemb,4.86589,1.67281,0.16623,1.50657,0.90285,0.09102
121,euc_dmd,dmd,1.98694,1.36306,0.09662,1.26645,0.9334,0.0715
121,cau_dmd,dmd,1.96127,1.26782,0.09572,1.1721,0.91053,0.07142
121,dua_dmd,dmd,2.71726,1.3084,0.13529,1.1731,0.91471,0.07331
97,euc_ctx,ctx,1047.89302,3.62775,0.0013,3.62645,0.904,0.00017
97,cau_ctx,ctx,2516.99917,6.72259,0.00351,6.71908,0.90448,0.00018
97,dua_ctx,ctx,6740.16734,6.61915,0.01808,6.60107,0.90406,0.0002
97,euc_unemb,unemb,2.3492,3.30195,0.05774,3.24421,0.91004,0.01541
97,cau_unemb,unemb,2.2719,3.55719,0.05669,3.5005,0.90606,0.01535
97,dua_unemb,unemb,13.36915,6.76349,0.26424,6.49925,0.9044,0.01755
97,euc_dmd,dmd,1.71115,4.2252,0.07193,4.15328,0.917,0.00988
97,cau_dmd,dmd,1.78612,4.82832,0.07289,4.75543,0.92545,0.00991
97,dua_dmd,dmd,4.06467,4.16642,0.10598,4.06044,0.90507,0.01033
171,euc_ctx,ctx,749.47909,2.59228,0.00188,2.5904,0.90931,0.00093
171,cau_ctx,ctx,1994.4079,4.54434,0.00469,4.53965,0.90837,0.00094
171,dua_ctx,ctx,4935.64033,4.68181,0.02082,4.66099,0.90406,0.0009
171,euc_unemb,unemb,2.36951,2.68996,0.07203,2.61794,0.9415,0.02403
171,cau_unemb,unemb,2.02575,2.38969,0.0662,2.32349,0.9157,0.02369
171,dua_unemb,unemb,6.97978,3.5862,0.15762,3.42858,0.91262,0.02588
171,euc_dmd,dmd,2.06122,2.99923,0.09519,2.90404,0.91403,0.0168
171,cau_dmd,dmd,2.68909,3.32515,0.1113,3.21385,0.93262,0.01704
171,dua_dmd,dmd,3.71465,2.75461,0.14403,2.61057,0.90247,0.0173
165,euc_ctx,ctx,500.45222,2.20384,0.00416,2.19968,0.91761,0.01131
165,cau_ctx,ctx,1405.27279,3.35852,0.01197,3.34655,0.90206,0.01141
165,dua_ctx,ctx,5001.07965,5.88708,0.06787,5.81921,0.90088,0.01159
165,euc_unemb,unemb,1.95506,2.09431,0.10243,1.99189,0.938,0.06202
165,cau_unemb,unemb,1.82954,1.96479,0.09839,1.8664,0.92677,0.0615
165,dua_unemb,unemb,5.24296,2.68128,0.21753,2.46375,0.90825,0.06933
165,euc_dmd,dmd,0.94902,1.85178,0.21354,1.63824,0.91661,0.09953
165,cau_dmd,dmd,1.27337,2.0945,0.24067,1.85383,0.92346,0.10127
165,dua_dmd,dmd,2.14795,1.99374,0.31576,1.67798,0.91335,0.10438
242,euc_ctx,ctx,537.74547,2.50631,0.00353,2.50278,0.91066,0.00202
242,cau_ctx,ctx,1527.16561,5.14613,0.00882,5.13731,0.90344,0.00208
242,dua_ctx,ctx,5709.65094,7.49254,0.04907,7.44347,0.90139,0.00216
242,euc_unemb,unemb,1.99844,2.85758,0.12091,2.73667,0.92772,0.03605
242,cau_unemb,unemb,2.09278,2.98653,0.12409,2.86244,0.92888,0.03625
242,dua_unemb,unemb,9.47939,5.17843,0.45104,4.72738,0.90088,0.04123
242,euc_dmd,dmd,1.48227,3.0446,0.31865,2.72595,0.91867,0.05514
242,cau_dmd,dmd,1.64141,3.37934,0.33534,3.04401,0.91158,0.0553
242,dua_dmd,dmd,3.06883,3.46645,0.52969,2.93676,0.90112,0.05613
