ctx_id,method,seconds,steps_run
93,euc_ctx,0.4548,59
93,cau_ctx,0.8166,132
93,dua_ctx,7.2629,220
93,euc_unemb,0.1522,21
93,cau_unemb,0.1514,22
93,dua_unemb,2.1946,65
93,euc_dmd,0.1856,28
93,cau_dmd,0.2332,34
93,dua_dmd,2.6359,78
57,euc_ctx,0.2698,42
57,cau_ctx,0.5461,86
57,dua_ctx,8.8055,269
57,euc_unemb,0.1225,17
57,cau_unemb,0.131,18
57,dua_unemb,3.1809,96
57,euc_dmd,0.1546,21
57,cau_dmd,0.1884,27
57,dua_dmd,1.7343,51
52,euc_ctx,0.3216,47
52,cau_ctx,0.6417,103
52,dua_ctx,5.0954,157
52,euc_unemb,0.1339,18
52,cau_unemb,0.1377,19
52,dua_unemb,1.3099,39
52,euc_dmd,0.1723,25
52,cau_dmd,0.2167,32
52,dua_dmd,2.1389,63
159,euc_ctx,0.2603,40
159,cau_ctx,0.5897,94
159,dua_ctx,7.5788,230
159,euc_unemb,0.1085,15
159,cau_unemb,0.1209,16
159,dua_unemb,2.3907,71
159,euc_dmd,0.1349,18
159,cau_dmd,0.1548,23
159,dua_dmd,1.4161,42
295,euc_ctx,0.4225,66
295,cau_ctx,0.8154,130
295,dua_ctx,5.5784,166
295,euc_unemb,0.16,22
295,cau_unemb,0.1703,24
295,dua_unemb,2.4185,71
295,euc_dmd,0.2112,32
295,cau_dmd,0.2605,38
295,dua_dmd,2.9938,87
213,euc_ctx,0.3987,60
213,cau_ctx,0.8615,136
213,dua_ctx,6.5358,209
213,euc_unemb,0.1589,22
213,cau_unemb,0.1741,24
213,dua_unemb,1.8731,58
213,euc_dmd,0.2236,32
213,cau_dmd,0.2766,41
213,dua_dmd,2.5558,75
77,euc_ctx,0.3334,48
77,cau_ctx,0.6857,108
77,dua_ctx,7.1112,210
77,euc_unemb,0.1346,18
77,cau_unemb,0.1439,20
77,dua_unemb,1.8882,55
77,euc_dmd,0.1779,24
77,cau_dmd,0.1999,30
77,dua_dmd,1.8468,54
84,euc_ctx,0.3673,58
84,cau_ctx,0.7783,125
84,dua_ctx,10.6091,326
84,euc_unemb,0.1521,22
84,cau_unemb,0.1661,24
84,dua_unemb,4.2652,128
84,euc_dmd,0.1878,27
84,cau_dmd,0.2297,33
84,dua_dmd,2.6045,77
41,euc_ctx,0.3614,56
41,cau_ctx,0.7735,125
41,dua_ctx,6.4094,200
41,euc_unemb,0.1511,21
41,cau_unemb,0.1544,22
41,dua_unemb,1.9076,58
41,euc_dmd,0.2033,29
41,cau_dmd,0.2431,37
41,dua_dmd,1.6219,48
261,euc_ctx,0.5387,83
261,cau_ctx,1.1806,186
261,dua_ctx,6.8839,207
261,euc_unemb,0.1852,27
261,cau_unemb,0.1875,28
261,dua_unemb,2.3252,68
261,euc_dmd,0.2574,38
261,cau_dmd,0.3048,46
261,dua_dmd,3.9412,114
96,euc_ctx,0.5046,79
96,cau_ctx,0.9668,154
96,dua_ctx,9.1227,276
96,euc_unemb,0.1814,25
96,cau_unemb,0.188,27
96,dua_unemb,2.8137,83
96,euc_dmd,0.2381,36
96,cau_dmd,0.282,43
96,dua_dmd,2.6797,79
230,euc_ctx,0.6457,102
230,cau_ctx,1.3219,212
230,dua_ctx,7.1046,220
230,euc_unemb,0.2109,30
230,cau_unemb,0.2173,33
230,dua_unemb,2.316,69
230,euc_dmd,0.3065,47
230,cau_dmd,0.3859,60
230,dua_dmd,3.2744,96
254,euc_ctx,0.3442,55
254,cau_ctx,0.8364,134
254,dua_ctx,7.3748,225
254,euc_unemb,0.1596,22
254,cau_unemb,0.1709,23
254,dua_unemb,2.6749,80
254,euc_dmd,0.1921,29
254,cau_dmd,0.2446,36
254,dua_dmd,3.5759,105
180,euc_ctx,0.4962,76
180,cau_ctx,1.0955,174
180,dua_ctx,8.6051,260
180,euc_unemb,0.1867,26
180,cau_unemb,0.1923,29
180,dua_unemb,2.9488,87
180,euc_dmd,0.2638,39
180,cau_dmd,0.3181,48
180,dua_dmd,2.3203,68
71,euc_ctx,0.4059,65
71,cau_ctx,0.9401,149
71,dua_ctx,7.5584,233
71,euc_unemb,0.1676,23
71,cau_unemb,0.1759,25
71,dua_unemb,2.2703,69
71,euc_dmd,0.2228,32
71,cau_dmd,0.2735,40
71,dua_dmd,1.7091,50
121,euc_ctx,0.4307,66
121,cau_ctx,0.8635,135
121,dua_ctx,4.6572,142
121,euc_unemb,0.1555,22
121,cau_unemb,0.1636,23
121,dua_unemb,1.57,47
121,euc_dmd,0.2223,32
121,cau_dmd,0.2535,38
121,dua_dmd,1.6923,50
97,euc_ctx,0.5338,83
97,cau_ctx,1.1894,188
97,dua_ctx,9.0745,277
97,euc_unemb,0.1851,28
97,cau_unemb,0.2196,31
97,dua_unemb,3.0592,91
97,euc_dmd,0.2557,39
97,cau_dmd,0.3176,49
97,dua_dmd,2.9567,88
225,euc_ctx,0.4266,66
225,cau_ctx,0.8297,134
225,dua_ctx,7.3596,230
225,euc_unemb,0.153,22
225,cau_unemb,0.1704,24
225,dua_unemb,2.3312,72
225,euc_dmd,0.22,32
225,cau_dmd,0.2505,38
225,dua_dmd,3.6625,108
167,euc_ctx,0.2933,45
167,cau_ctx,0.6059,96
167,dua_ctx,6.2271,191
167,euc_unemb,0.1356,18
167,cau_unemb,0.1328,19
167,dua_unemb,2.0448,60
167,euc_dmd,0.1748,25
167,cau_dmd,0.2206,32
167,dua_dmd,1.6491,49
258,euc_ctx,0.4018,63
258,cau_ctx,0.8679,141
258,dua_ctx,7.896,242
258,euc_unemb,0.1585,23
258,cau_unemb,0.1806,25
258,dua_unemb,2.3869,72
258,euc_dmd,0.2361,35
258,cau_dmd,0.2694,41
258,dua_dmd,1.5515,46
186,euc_ctx,0.2491,38
186,cau_ctx,0.5436,85
186,dua_ctx,6.1559,196
186,euc_unemb,0.1123,15
186,cau_unemb,0.1186,16
186,dua_unemb,1.7351,53
186,euc_dmd,0.1343,18
186,cau_dmd,0.1688,24
186,dua_dmd,1.433,42
158,euc_ctx,0.5623,88
158,cau_ctx,1.2016,191
158,dua_ctx,13.1533,396
158,euc_unemb,0.191,27
158,cau_unemb,0.1923,29
158,dua_unemb,4.9252,146
158,euc_dmd,0.2789,41
158,cau_dmd,0.3233,49
158,dua_dmd,7.6827,225
203,euc_ctx,0.2625,40
203,cau_ctx,0.6045,96
203,dua_ctx,7.2205,219
203,euc_unemb,0.1208,16
203,cau_unemb,0.1268,17
203,dua_unemb,2.0117,60
203,euc_dmd,0.1409,19
203,cau_dmd,0.1564,23
203,dua_dmd,1.9994,59
7,euc_ctx,0.2979,46
7,cau_ctx,0.6659,105
7,dua_ctx,5.6391,175
7,euc_unemb,0.1261,17
7,cau_unemb,0.1321,18
7,dua_unemb,1.5744,48
7,euc_dmd,0.1584,22
7,cau_dmd,0.191,28
7,dua_dmd,1.3424,40
55,euc_ctx,0.4841,76
55,cau_ctx,1.092,176
55,dua_ctx,7.715,233
55,euc_unemb,0.1817,25
55,cau_unemb,0.1869,27
55,dua_unemb,3.1009,91
55,euc_dmd,0.233,36
55,cau_dmd,0.289,44
55,dua_dmd,2.4626,73
299,euc_ctx,0.3342,53
299,cau_ctx,0.7315,116
299,dua_ctx,6.159,190
299,euc_unemb,0.1496,21
299,cau_unemb,0.1511,22
299,dua_unemb,1.7764,53
299,euc_dmd,0.1958,28
299,cau_dmd,0.2279,34
299,dua_dmd,1.2419,37
150,euc_ctx,0.5487,88
150,cau_ctx,1.2123,197
150,dua_ctx,9.9829,312
150,euc_unemb,0.1962,28
150,cau_unemb,0.2073,31
150,dua_unemb,3.8509,116
150,euc_dmd,0.2786,43
150,cau_dmd,0.3306,51
150,dua_dmd,5.4331,162
135,euc_ctx,0.4592,72
135,cau_ctx,1.017,164
135,dua_ctx,6.8952,216
135,euc_unemb,0.1693,25
135,cau_unemb,0.1823,26
135,dua_unemb,2.7087,83
135,euc_dmd,0.2422,36
135,cau_dmd,0.295,44
135,dua_dmd,2.4853,74
25,euc_ctx,0.5819,92
25,cau_ctx,1.2683,206
25,dua_ctx,5.1391,154
25,euc_unemb,0.2144,30
25,cau_unemb,0.2296,33
25,dua_unemb,1.9081,55
25,euc_dmd,0.2967,44
25,cau_dmd,0.3597,55
25,dua_dmd,2.3273,68
85,euc_ctx,0.3192,48
85,cau_ctx,0.6676,106
85,dua_ctx,7.2847,222
85,euc_unemb,0.1268,18
85,cau_unemb,0.1434,19
85,dua_unemb,2.1484,65
85,euc_dmd,0.1559,22
85,cau_dmd,0.1957,28
85,dua_dmd,2.242,65
30,euc_ctx,0.3157,48
30,cau_ctx,0.6558,105
30,dua_ctx,5.1699,155
30,euc_unemb,0.131,17
30,cau_unemb,0.1355,18
30,dua_unemb,1.4774,44
30,euc_dmd,0.1753,25
30,cau_dmd,0.2169,32
30,dua_dmd,2.1796,65
28,euc_ctx,0.3925,60
28,cau_ctx,0.8087,129
28,dua_ctx,7.5833,234
28,euc_unemb,0.1563,23
28,cau_unemb,0.1633,24
28,dua_unemb,2.7012,81
28,euc_dmd,0.2009,30
28,cau_dmd,0.2543,38
28,dua_dmd,2.576,76
279,euc_ctx,0.4373,68
279,cau_ctx,0.9549,155
279,dua_ctx,8.736,270
279,euc_unemb,0.1655,23
279,cau_unemb,0.1737,25
279,dua_unemb,3.1576,97
279,euc_dmd,0.2298,34
279,cau_dmd,0.2808,41
279,dua_dmd,4.6151,134
273,euc_ctx,0.4465,70
273,cau_ctx,0.9294,149
273,dua_ctx,7.3037,218
273,euc_unemb,0.1664,23
273,cau_unemb,0.1788,25
273,dua_unemb,2.1191,62
273,euc_dmd,0.2256,34
273,cau_dmd,0.274,41
273,dua_dmd,2.6068,77
66,euc_ctx,0.4783,75
66,cau_ctx,1.127,179
66,dua_ctx,7.4109,232
66,euc_unemb,0.1701,25
66,cau_unemb,0.1949,28
66,dua_unemb,2.2892,70
66,euc_dmd,0.2628,40
66,cau_dmd,0.3287,50
66,dua_dmd,2.361,70
245,euc_ctx,0.4802,74
245,cau_ctx,1.0637,169
245,dua_ctx,8.2872,254
245,euc_unemb,0.1892,27
245,cau_unemb,0.2005,29
245,dua_unemb,2.6162,78
245,euc_dmd,0.2365,35
245,cau_dmd,0.2792,43
245,dua_dmd,2.512,74
119,euc_ctx,0.3927,61
119,cau_ctx,0.8519,137
119,dua_ctx,6.8671,210
119,euc_unemb,0.155,21
119,cau_unemb,0.16,23
119,dua_unemb,2.4084,71
119,euc_dmd,0.2132,31
119,cau_dmd,0.2508,38
119,dua_dmd,3.201,93
9,euc_ctx,0.48,74
9,cau_ctx,1.0299,164
9,dua_ctx,8.178,255
9,euc_unemb,0.1763,24
9,cau_unemb,0.1883,27
9,dua_unemb,2.8338,86
9,euc_dmd,0.2524,38
9,cau_dmd,0.3155,46
9,dua_dmd,1.9004,57
137,euc_ctx,0.6149,96
137,cau_ctx,1.3915,222
137,dua_ctx,6.9599,204
137,euc_unemb,0.2184,32
137,cau_unemb,0.2346,35
137,dua_unemb,2.6524,77
137,euc_dmd,0.3066,46
137,cau_dmd,0.38,58
137,dua_dmd,2.1857,63
236,euc_ctx,0.3955,60
236,cau_ctx,0.8563,135
236,dua_ctx,9.8875,310
236,euc_unemb,0.1565,23
236,cau_unemb,0.1744,25
236,dua_unemb,3.6854,113
236,euc_dmd,0.2028,29
236,cau_dmd,0.2441,36
236,dua_dmd,1.6803,49
269,euc_ctx,0.4559,70
269,cau_ctx,0.9804,156
269,dua_ctx,8.0838,258
269,euc_unemb,0.1741,24
269,cau_unemb,0.1814,26
269,dua_unemb,2.5733,79
269,euc_dmd,0.2393,36
269,cau_dmd,0.2893,43
269,dua_dmd,1.6032,49
45,euc_ctx,0.4229,66
45,cau_ctx,0.971,156
45,dua_ctx,6.3498,195
45,euc_unemb,0.1505,21
45,cau_unemb,0.1558,23
45,dua_unemb,1.9308,57
45,euc_dmd,0.1866,27
45,cau_dmd,0.2294,34
45,dua_dmd,1.6238,48
86,euc_ctx,0.3607,55
86,cau_ctx,0.6794,109
86,dua_ctx,8.7288,263
86,euc_unemb,0.1521,22
86,cau_unemb,0.1694,23
86,dua_unemb,3.5565,106
86,euc_dmd,0.1875,27
86,cau_dmd,0.2293,34
86,dua_dmd,2.8993,85
19,euc_ctx,0.4082,64
19,cau_ctx,0.8974,145
19,dua_ctx,7.7941,246
19,euc_unemb,0.1624,23
19,cau_unemb,0.172,25
19,dua_unemb,2.4491,75
19,euc_dmd,0.2106,31
19,cau_dmd,0.2586,39
19,dua_dmd,2.1027,63
242,euc_ctx,0.4555,72
242,cau_ctx,0.9989,160
242,dua_ctx,7.7653,244
242,euc_unemb,0.1744,25
242,cau_unemb,0.1853,27
242,dua_unemb,2.6186,78
242,euc_dmd,0.2551,38
242,cau_dmd,0.3137,46
242,dua_dmd,3.2996,97
298,euc_ctx,0.4704,74
298,cau_ctx,0.9563,154
298,dua_ctx,7.043,216
298,euc_unemb,0.1638,23
298,cau_unemb,0.1838,25
298,dua_unemb,1.9987,59
298,euc_dmd,0.252,38
298,cau_dmd,0.2926,44
298,dua_dmd,2.4372,72
50,euc_ctx,0.5836,92
50,cau_ctx,1.2743,205
50,dua_ctx,7.9786,244
50,euc_unemb,0.2035,30
50,cau_unemb,0.2113,31
50,dua_unemb,3.0405,91
50,euc_dmd,0.2872,43
50,cau_dmd,0.3469,54
50,dua_dmd,3.6468,108
18,euc_ctx,0.3561,54
18,cau_ctx,0.7728,125
18,dua_ctx,6.7699,206
18,euc_unemb,0.1561,22
18,cau_unemb,0.1612,23
18,dua_unemb,2.013,61
18,euc_dmd,0.1916,28
18,cau_dmd,0.2287,35
18,dua_dmd,3.1668,94
262,euc_ctx,0.5534,87
262,cau_ctx,1.2233,197
262,dua_ctx,10.1283,307
262,euc_unemb,0.1866,27
262,cau_unemb,0.2089,30
262,dua_unemb,3.5059,104
262,euc_dmd,0.282,42
262,cau_dmd,0.3204,50
262,dua_dmd,5.587,166
199,euc_ctx,0.3951,62
199,cau_ctx,0.8732,140
199,dua_ctx,6.8914,214
199,euc_unemb,0.1558,21
199,cau_unemb,0.1605,23
199,dua_unemb,2.7452,84
199,euc_dmd,0.2175,31
199,cau_dmd,0.2439,37
199,dua_dmd,3.3648,100
221,euc_ctx,0.4844,75
221,cau_ctx,1.0786,174
221,dua_ctx,6.8915,222
221,euc_unemb,0.1754,25
221,cau_unemb,0.1826,27
221,dua_unemb,2.4336,77
221,euc_dmd,0.2481,37
221,cau_dmd,0.2893,44
221,dua_dmd,3.8097,113
1,euc_ctx,0.2798,43
1,cau_ctx,0.5878,92
1,dua_ctx,5.4587,166
1,euc_unemb,0.1292,18
1,cau_unemb,0.134,19
1,dua_unemb,1.5661,46
1,euc_dmd,0.1461,21
1,cau_dmd,0.1832,26
1,dua_dmd,1.2923,38
274,euc_ctx,0.3498,54
274,cau_ctx,0.708,112
274,dua_ctx,6.9421,209
274,euc_unemb,0.1518,20
274,cau_unemb,0.1507,21
274,dua_unemb,1.8461,53
274,euc_dmd,0.2078,30
274,cau_dmd,0.2568,38
274,dua_dmd,3.3658,97
223,euc_ctx,0.274,41
223,cau_ctx,0.5421,85
223,dua_ctx,9.6725,293
223,euc_unemb,0.1271,17
223,cau_unemb,0.1308,18
223,dua_unemb,4.0878,122
223,euc_dmd,0.1355,18
223,cau_dmd,0.1608,22
223,dua_dmd,2.0856,60
161,euc_ctx,0.5911,91
161,cau_ctx,1.2096,192
161,dua_ctx,7.2958,226
161,euc_unemb,0.2059,30
161,cau_unemb,0.2315,33
161,dua_unemb,2.5763,78
161,euc_dmd,0.2984,46
161,cau_dmd,0.3601,56
161,dua_dmd,3.1891,95
248,euc_ctx,0.3051,47
248,cau_ctx,0.6365,101
248,dua_ctx,10.8919,345
248,euc_unemb,0.1391,19
248,cau_unemb,0.1415,20
248,dua_unemb,4.5073,141
248,euc_dmd,0.1556,22
248,cau_dmd,0.1925,28
248,dua_dmd,2.4552,73
185,euc_ctx,0.3898,60
185,cau_ctx,0.8677,138
185,dua_ctx,7.9328,242
185,euc_unemb,0.1552,21
185,cau_unemb,0.1598,22
185,dua_unemb,2.4787,73
185,euc_dmd,0.2081,31
185,cau_dmd,0.2702,39
185,dua_dmd,1.7273,50
297,euc_ctx,0.4899,76
297,cau_ctx,1.0498,165
297,dua_ctx,6.738,206
297,euc_unemb,0.1802,25
297,cau_unemb,0.1859,27
297,dua_unemb,2.0506,61
297,euc_dmd,0.2526,38
297,cau_dmd,0.3009,45
297,dua_dmd,2.983,88
63,euc_ctx,0.4607,73
63,cau_ctx,1.0485,167
63,dua_ctx,8.3808,255
63,euc_unemb,0.1898,27
63,cau_unemb,0.1892,29
63,dua_unemb,2.6595,79
63,euc_dmd,0.2392,36
63,cau_dmd,0.2946,45
63,dua_dmd,2.6833,78
8,euc_ctx,0.3928,60
8,cau_ctx,0.8357,134
8,dua_ctx,9.2582,288
8,euc_unemb,0.1526,22
8,cau_unemb,0.1608,23
8,dua_unemb,3.1896,97
8,euc_dmd,0.1976,28
8,cau_dmd,0.2459,36
8,dua_dmd,1.6554,48
