model,method,level,n_start,n_reached,reach_rate,cf_mean,cf_lo,cf_hi,kl_mean,kl_lo,kl_hi,steps_mean,kl99_mean,kl99_lo,kl99_hi,rd_mean,rd_lo,rd_hi
google/gemma-3-1b-pt,euc_ctx,0.3,60,60,1.0,0.36647,0.286,0.43781,0.47645,0.35147,0.63449,21.8,0.4798,0.34448,0.63539,0.11357,0.08465,0.14765
google/gemma-3-1b-pt,cau_ctx,0.3,60,60,1.0,0.31714,0.23752,0.39629,0.97582,0.66352,1.26937,41.3,0.97707,0.67993,1.28061,0.14487,0.11546,0.1744
google/gemma-3-1b-pt,dua_ctx,0.3,60,60,1.0,0.51405,0.44602,0.58005,0.46411,0.40163,0.51624,63.6,0.45486,0.39541,0.50906,0.0293,0.02082,0.03726
google/gemma-3-1b-pt,euc_unemb,0.3,60,60,1.0,0.37481,0.29631,0.44927,0.39573,0.2953,0.52603,9.8,0.39773,0.3008,0.52464,0.11903,0.09501,0.15309
google/gemma-3-1b-pt,cau_unemb,0.3,60,60,1.0,0.3513,0.27752,0.42418,0.42639,0.31434,0.55753,10.6,0.43009,0.3187,0.54856,0.12976,0.10652,0.16028
google/gemma-3-1b-pt,dua_unemb,0.3,60,60,1.0,0.54602,0.4762,0.61222,0.11417,0.10237,0.12481,14.9,0.11479,0.10379,0.12537,0.02504,0.01657,0.03636
google/gemma-3-1b-pt,euc_dmd,0.3,60,60,1.0,0.3225,0.2505,0.39261,0.59424,0.43579,0.78285,9.2,0.59682,0.44766,0.78419,0.14403,0.12072,0.17148
google/gemma-3-1b-pt,cau_dmd,0.3,60,60,1.0,0.30634,0.23468,0.37406,0.6585,0.4874,0.85443,10.2,0.66333,0.49815,0.84489,0.15787,0.13683,0.18199
google/gemma-3-1b-pt,dua_dmd,0.3,60,60,1.0,0.51618,0.4507,0.57969,0.13253,0.11638,0.14703,11.9,0.13582,0.1189,0.15135,0.03116,0.02107,0.04232
google/gemma-3-1b-pt,euc_ctx,0.5,60,60,1.0,0.36385,0.28625,0.43653,0.60175,0.46419,0.77053,25.6,0.60379,0.47098,0.75868,0.12668,0.09638,0.16027
google/gemma-3-1b-pt,cau_ctx,0.5,60,60,1.0,0.27903,0.20168,0.35637,1.37501,0.94004,1.7426,48.3,1.37272,0.98211,1.72957,0.16487,0.1376,0.1933
google/gemma-3-1b-pt,dua_ctx,0.5,60,60,1.0,0.48738,0.4207,0.54466,1.05273,0.90072,1.18814,93.2,1.02302,0.87767,1.15755,0.03902,0.02851,0.04951
google/gemma-3-1b-pt,euc_unemb,0.5,60,60,1.0,0.38122,0.29847,0.45822,0.50684,0.4007,0.63708,11.3,0.50718,0.40176,0.6364,0.13818,0.11042,0.17322
google/gemma-3-1b-pt,cau_unemb,0.5,60,60,1.0,0.35629,0.27596,0.42877,0.51517,0.40015,0.63159,12.2,0.51768,0.40059,0.63934,0.14377,0.11841,0.17482
google/gemma-3-1b-pt,dua_unemb,0.5,60,60,1.0,0.55877,0.48873,0.62536,0.24988,0.22659,0.27633,20.5,0.24522,0.22459,0.26898,0.03188,0.02315,0.04244
google/gemma-3-1b-pt,euc_dmd,0.5,60,60,1.0,0.32375,0.24882,0.39258,0.72426,0.56661,0.93489,10.7,0.72527,0.56305,0.92409,0.15277,0.12917,0.18
google/gemma-3-1b-pt,cau_dmd,0.5,60,60,1.0,0.30723,0.23483,0.37341,0.79374,0.60949,0.99244,11.9,0.79722,0.62047,0.98571,0.16492,0.14111,0.18969
google/gemma-3-1b-pt,dua_dmd,0.5,60,60,1.0,0.5106,0.44745,0.57435,0.2443,0.21852,0.27134,15.7,0.24621,0.22013,0.27296,0.04306,0.03076,0.0573
google/gemma-3-1b-pt,euc_ctx,0.7,60,60,1.0,0.38394,0.30441,0.4579,0.71997,0.57123,0.88712,29.2,0.71982,0.57307,0.88894,0.14563,0.12004,0.17057
google/gemma-3-1b-pt,cau_ctx,0.7,60,60,1.0,0.25419,0.17684,0.33571,1.85072,1.36091,2.28622,55.3,1.84323,1.35092,2.26341,0.18243,0.16205,0.20279
google/gemma-3-1b-pt,dua_ctx,0.7,60,60,1.0,0.46313,0.40323,0.51328,1.87731,1.59905,2.11875,123.7,1.82209,1.55309,2.06673,0.04974,0.03954,0.06128
google/gemma-3-1b-pt,euc_unemb,0.7,60,60,1.0,0.40837,0.3209,0.48418,0.64977,0.54731,0.75978,12.9,0.64736,0.54761,0.76694,0.15891,0.13406,0.18632
google/gemma-3-1b-pt,cau_unemb,0.7,60,60,1.0,0.38477,0.30116,0.46185,0.62,0.51165,0.73901,14.0,0.62024,0.50488,0.73653,0.15948,0.12937,0.18838
google/gemma-3-1b-pt,dua_unemb,0.7,60,60,1.0,0.57913,0.50536,0.64268,0.5533,0.49085,0.63488,28.2,0.53681,0.47809,0.62128,0.04312,0.03301,0.05704
google/gemma-3-1b-pt,euc_dmd,0.7,60,60,1.0,0.34884,0.27094,0.4217,0.87649,0.71741,1.0728,12.2,0.87489,0.71472,1.06304,0.16567,0.14004,0.19077
google/gemma-3-1b-pt,cau_dmd,0.7,60,60,1.0,0.33031,0.25192,0.40099,0.93154,0.73858,1.14386,13.6,0.93289,0.74058,1.14738,0.17061,0.14412,0.19559
google/gemma-3-1b-pt,dua_dmd,0.7,60,60,1.0,0.51133,0.44713,0.57372,0.427,0.37526,0.48339,20.3,0.42568,0.37463,0.48042,0.05211,0.03863,0.06888
google/gemma-3-1b-pt,euc_ctx,0.9,60,60,1.0,0.44847,0.35264,0.53054,0.92689,0.76765,1.08169,35.1,0.92147,0.7614,1.07754,0.14768,0.11718,0.17763
google/gemma-3-1b-pt,cau_ctx,0.9,60,60,1.0,0.229,0.15694,0.31745,2.70067,2.08126,3.22836,66.4,2.68256,2.06509,3.17544,0.20021,0.18188,0.21841
google/gemma-3-1b-pt,dua_ctx,0.9,60,60,1.0,0.44397,0.39504,0.49058,3.0637,2.62008,3.41725,159.7,2.98083,2.57346,3.34326,0.07081,0.05396,0.09162
google/gemma-3-1b-pt,euc_unemb,0.9,60,60,1.0,0.46842,0.37771,0.55306,0.95695,0.85323,1.04965,15.4,0.94814,0.85022,1.04057,0.17405,0.14535,0.2014
google/gemma-3-1b-pt,cau_unemb,0.9,60,60,1.0,0.45333,0.36386,0.53829,0.84545,0.73918,0.94102,16.8,0.84021,0.73843,0.93888,0.15956,0.12698,0.19163
google/gemma-3-1b-pt,dua_unemb,0.9,60,60,1.0,0.61112,0.54218,0.67637,1.42585,1.2554,1.67225,42.2,1.38043,1.21314,1.6148,0.06577,0.05046,0.08069
google/gemma-3-1b-pt,euc_dmd,0.9,60,60,1.0,0.41483,0.32205,0.49675,1.15314,0.99265,1.33941,14.6,1.14595,0.98125,1.34084,0.17433,0.14491,0.20352
google/gemma-3-1b-pt,cau_dmd,0.9,60,60,1.0,0.39984,0.31193,0.479,1.22666,1.01184,1.43902,16.5,1.22272,1.01604,1.43449,0.17339,0.14062,0.20456
google/gemma-3-1b-pt,dua_dmd,0.9,60,60,1.0,0.52644,0.4601,0.5868,0.90489,0.76569,1.07258,28.9,0.89386,0.75331,1.0617,0.06259,0.05078,0.07632
google/gemma-3-1b-pt,euc_ctx,0.99,60,60,1.0,0.56921,0.46221,0.66002,1.4572,1.25679,1.66394,45.7,1.43861,1.24696,1.64095,0.14399,0.11476,0.17374
google/gemma-3-1b-pt,cau_ctx,0.99,60,60,1.0,0.17463,0.10915,0.25886,4.47886,3.59928,5.18531,86.0,4.43732,3.6158,5.14108,0.21959,0.20219,0.23958
google/gemma-3-1b-pt,dua_ctx,0.99,60,60,1.0,0.44161,0.39098,0.48564,4.18246,3.62981,4.66576,190.2,4.08071,3.51849,4.53119,0.09495,0.07204,0.12156
google/gemma-3-1b-pt,euc_unemb,0.99,60,60,1.0,0.55074,0.47249,0.62431,1.71772,1.5997,1.83012,19.9,1.69343,1.57234,1.80487,0.19941,0.17695,0.22146
google/gemma-3-1b-pt,cau_unemb,0.99,60,60,1.0,0.55281,0.47084,0.63103,1.4846,1.33226,1.62342,21.8,1.46543,1.31923,1.60748,0.16698,0.13964,0.19437
google/gemma-3-1b-pt,dua_unemb,0.99,60,60,1.0,0.63633,0.56509,0.69692,2.70377,2.40694,3.07853,56.8,2.6245,2.33077,2.99056,0.08755,0.06857,0.10885
google/gemma-3-1b-pt,euc_dmd,0.99,60,60,1.0,0.53142,0.43169,0.61764,1.83528,1.65004,2.00064,19.0,1.81435,1.62777,1.96514,0.17395,0.14629,0.20418
google/gemma-3-1b-pt,cau_dmd,0.99,60,60,1.0,0.51519,0.40973,0.60554,1.99416,1.73321,2.22195,21.6,1.97661,1.73238,2.20716,0.17086,0.13863,0.20319
google/gemma-3-1b-pt,dua_dmd,0.99,60,60,1.0,0.56002,0.49483,0.61941,1.84443,1.567,2.16027,41.5,1.81265,1.54472,2.1085,0.08597,0.06729,0.10771
