ctx_id,method,step_end,P1_end,cf_end,kl_end,H_start,H_end
60,euclid,14,0.99489,0.65014,1.64149,4.7556,4.4877
60,euclid_unemb,2,0.99229,0.51079,1.6434,4.7556,5.1053
60,causal_unemb,57,0.99028,0.51738,1.48227,4.7556,3.97
185,euclid,13,0.99144,0.56635,1.37456,5.4968,5.3664
185,euclid_unemb,3,0.9998,0.50357,3.33462,5.4968,5.1534
185,causal_unemb,61,0.99029,0.49543,1.27706,5.4968,4.692
110,euclid,14,0.99042,0.39237,1.36629,6.2174,6.1546
110,euclid_unemb,3,0.99952,0.42225,3.08144,6.2174,5.4658
110,causal_unemb,66,0.99057,0.44776,1.19283,6.2174,5.372
229,euclid,17,0.99292,0.38988,1.97358,6.1234,6.3226
229,euclid_unemb,3,0.99947,0.35838,2.29166,6.1234,6.3594
229,causal_unemb,70,0.99052,0.24006,1.10214,6.1234,5.1508
299,euclid,15,0.99366,0.33798,1.46112,5.0127,5.1738
299,euclid_unemb,3,0.99959,0.47812,3.06629,5.0127,5.4699
299,causal_unemb,66,0.9903,0.26946,1.2006,5.0127,4.2701
179,euclid,14,0.99103,0.65774,1.19657,5.2941,5.2262
179,euclid_unemb,3,0.99977,0.64369,2.68046,5.2941,5.0212
179,causal_unemb,64,0.99095,0.62066,1.16166,5.2941,4.5937
37,euclid,14,0.99038,0.52435,1.94134,5.5033,5.5842
37,euclid_unemb,3,0.99987,0.51852,3.83576,5.5033,4.3638
37,causal_unemb,64,0.99136,0.53052,1.56413,5.5033,4.6996
12,euclid,16,0.99437,0.41243,1.8817,4.7248,4.95
12,euclid_unemb,3,0.99956,0.35043,3.03046,4.7248,5.3846
12,causal_unemb,66,0.9903,0.2359,1.58675,4.7248,4.085
97,euclid,15,0.99438,0.60284,2.12611,5.5889,5.5466
97,euclid_unemb,3,0.99989,0.54782,3.73299,5.5889,4.7519
97,causal_unemb,65,0.99147,0.57032,1.49232,5.5889,4.8741
225,euclid,16,0.99245,0.39573,1.5082,5.4119,5.387
225,euclid_unemb,3,0.99969,0.36659,2.71127,5.4119,5.527
225,causal_unemb,65,0.99129,0.30127,1.23284,5.4119,4.7576
218,euclid,14,0.99053,0.54085,1.53061,5.6617,5.8595
218,euclid_unemb,3,0.99985,0.62276,3.06118,5.6617,4.6139
218,causal_unemb,64,0.9901,0.59682,1.28101,5.6617,4.8879
144,euclid,14,0.99399,0.62802,1.86448,5.5808,5.3071
144,euclid_unemb,3,0.99994,0.56217,3.83849,5.5808,4.8806
144,causal_unemb,60,0.99125,0.56681,1.43621,5.5808,4.6311
19,euclid,15,0.99008,0.29374,1.31575,5.4764,5.6385
19,euclid_unemb,3,0.99978,0.38321,2.73693,5.4764,5.5677
19,causal_unemb,65,0.99107,0.27875,1.17698,5.4764,5.0456
115,euclid,15,0.99413,0.4345,1.04932,5.834,5.5261
115,euclid_unemb,2,0.99516,0.21351,1.07086,5.834,5.8871
115,causal_unemb,55,0.99086,0.29802,0.68381,5.834,5.4094
212,euclid,15,0.99293,0.47764,1.55658,5.915,5.9468
212,euclid_unemb,3,0.99936,0.4924,2.73142,5.915,5.2282
212,causal_unemb,69,0.99128,0.50814,1.30673,5.915,5.0245
235,euclid,15,0.99315,0.5008,1.42949,4.9446,5.0962
235,euclid_unemb,3,0.99978,0.61943,2.73534,4.9446,4.5932
235,causal_unemb,67,0.99043,0.48899,1.24918,4.9446,4.5126
87,euclid,14,0.99066,0.59594,1.26819,4.261,4.2405
87,euclid_unemb,3,0.99978,0.71645,2.81936,4.261,3.7701
87,causal_unemb,66,0.99011,0.52987,1.34941,4.261,3.6862
120,euclid,15,0.99082,0.31378,0.91586,4.7537,5.0621
120,euclid_unemb,3,0.99951,0.47669,1.84335,4.7537,5.1176
120,causal_unemb,68,0.99134,0.28479,1.15913,4.7537,4.21
123,euclid,14,0.99226,0.55891,1.3492,4.8746,5.0906
123,euclid_unemb,3,0.99986,0.52895,2.59637,4.8746,4.8406
123,causal_unemb,62,0.99031,0.60955,1.01004,4.8746,4.8053
35,euclid,16,0.99033,0.56506,1.09241,5.0857,5.3691
35,euclid_unemb,3,0.99945,0.54178,2.16589,5.0857,5.4361
35,causal_unemb,69,0.99033,0.41085,1.05672,5.0857,4.4405
