model,method,level,n_start,n_reached,reach_rate,cf_mean,cf_lo,cf_hi,kl_mean,kl_lo,kl_hi,steps_mean
gpt2,euclid,0.3,20,20,1.0,0.1838,0.10424,0.24204,0.61154,0.53422,0.72717,6.9
gpt2,euclid_unemb,0.3,20,20,1.0,0.24942,0.14093,0.31469,0.97159,0.83626,1.17715,1.6
gpt2,causal_unemb,0.3,20,20,1.0,0.18959,0.10646,0.24484,0.43721,0.3726,0.53799,28.2
gpt2,euclid,0.5,20,20,1.0,0.18842,0.10889,0.25201,0.73018,0.65863,0.82424,8.2
gpt2,euclid_unemb,0.5,20,20,1.0,0.30132,0.16927,0.388,1.23489,1.08687,1.35161,1.9
gpt2,causal_unemb,0.5,20,20,1.0,0.18988,0.10521,0.24693,0.52117,0.45611,0.61673,33.0
gpt2,euclid,0.7,20,20,1.0,0.21546,0.13029,0.28601,0.8122,0.74361,0.88664,9.3
gpt2,euclid_unemb,0.7,20,20,1.0,0.3097,0.19485,0.39082,1.2696,1.18122,1.35506,2.0
gpt2,causal_unemb,0.7,20,20,1.0,0.21109,0.12426,0.27206,0.59053,0.53385,0.67643,37.8
gpt2,euclid,0.9,20,20,1.0,0.29335,0.19763,0.36795,0.94554,0.88125,0.98762,11.2
gpt2,euclid_unemb,0.9,20,20,1.0,0.3097,0.19349,0.38776,1.2696,1.17917,1.35115,2.0
gpt2,causal_unemb,0.9,20,20,1.0,0.28132,0.17077,0.3529,0.72753,0.68688,0.79439,45.4
gpt2,euclid,0.99,20,20,1.0,0.49195,0.42468,0.53873,1.49214,1.3278,1.58705,14.8
gpt2,euclid_unemb,0.99,20,20,1.0,0.49288,0.38328,0.55779,2.75038,2.17717,3.14937,2.9
gpt2,causal_unemb,0.99,20,20,1.0,0.44108,0.32728,0.51056,1.25536,1.17669,1.32046,59.5
