model,method,level,n_start,n_reached,reach_rate,cf_mean,cf_lo,cf_hi,kl_mean,kl_lo,kl_hi,steps_mean,kl99_mean,kl99_lo,kl99_hi,rd_mean,rd_lo,rd_hi,cfdev_mean,cfdev_lo,cfdev_hi,klbin_mean,klbin_lo,klbin_hi,klpair_mean,klpair_lo,klpair_hi,klneu_mean,klneu_lo,klneu_hi,cf0_mean
synthetic,euc_ctx,0.3,10,10,1.0,0.2723,0.21198,0.33131,0.06726,0.02146,0.12302,11.9,0.06908,0.02246,0.12711,0.02348,0.00532,0.05073,0.03717,0.01586,0.05678,0.00799,0.00118,0.01486,0.01424,0.00326,0.02803,0.04503,0.01534,0.08253,0.28218
synthetic,cau_ctx,0.3,10,10,1.0,0.26238,0.20209,0.31784,0.08026,0.02188,0.16262,23.7,0.08178,0.02248,0.16178,0.03857,0.00942,0.07749,0.03443,0.01151,0.05824,0.01001,0.00091,0.0193,0.02103,0.003,0.04917,0.04922,0.01531,0.09582,0.28218
synthetic,dua_ctx,0.3,10,10,1.0,0.27964,0.2311,0.31547,0.04901,0.02353,0.07508,37.9,0.05018,0.02462,0.07707,0.00614,0.00341,0.00892,0.00544,0.00305,0.00767,0.00013,4e-05,0.00021,0.00454,0.00206,0.00748,0.04435,0.02114,0.06787,0.28218
synthetic,euc_unemb,0.3,10,10,1.0,0.287,0.2314,0.3382,0.04271,0.01402,0.07851,11.1,0.04383,0.01252,0.08194,0.00934,0.00543,0.01464,0.03122,0.01841,0.04391,0.00338,0.0015,0.00549,0.0078,0.00178,0.01536,0.03152,0.01103,0.05722,0.28218
synthetic,cau_unemb,0.3,10,10,1.0,0.29121,0.2349,0.33533,0.02389,0.00874,0.04359,15.7,0.02414,0.00836,0.04436,0.00596,0.00389,0.0086,0.02368,0.01482,0.03302,0.00192,0.00077,0.00334,0.00488,0.00136,0.0108,0.01708,0.00603,0.03309,0.28218
synthetic,dua_unemb,0.3,10,10,1.0,0.28988,0.24406,0.32484,0.0212,0.00903,0.03449,25.0,0.02228,0.00995,0.0354,0.00436,0.00239,0.00658,0.00769,0.00354,0.01292,0.00024,5e-05,0.00052,0.00267,0.00105,0.0046,0.0183,0.0077,0.02937,0.28218
synthetic,euc_dmd,0.3,10,10,1.0,0.27682,0.21453,0.33261,0.06243,0.0201,0.11395,11.6,0.06411,0.02006,0.1178,0.01081,0.00745,0.01513,0.03564,0.01673,0.05525,0.00623,0.00119,0.01133,0.01278,0.00276,0.02504,0.04341,0.01435,0.07923,0.28218
synthetic,cau_dmd,0.3,10,10,1.0,0.27977,0.21889,0.33024,0.03861,0.01181,0.07255,14.2,0.0398,0.01235,0.07364,0.02614,0.00373,0.06266,0.03302,0.01529,0.05252,0.00505,0.00104,0.0106,0.01016,0.00209,0.02111,0.02339,0.00845,0.04178,0.28218
synthetic,dua_dmd,0.3,10,10,1.0,0.28735,0.24599,0.32288,0.03078,0.01265,0.04881,25.2,0.03274,0.01527,0.05268,0.00486,0.00272,0.00741,0.00517,0.00198,0.00944,0.00013,2e-05,0.00028,0.00343,0.00144,0.00572,0.02723,0.01193,0.04397,0.28218
synthetic,euc_ctx,0.5,10,10,1.0,0.31847,0.24816,0.39225,0.15805,0.07793,0.25125,21.7,0.16001,0.07837,0.25512,0.04059,0.02413,0.06311,0.07704,0.04178,0.10596,0.01883,0.00744,0.03031,0.03564,0.01308,0.06489,0.10359,0.05028,0.16737,0.28218
synthetic,cau_ctx,0.5,10,10,1.0,0.29829,0.23324,0.35884,0.17788,0.08106,0.29623,43.2,0.17918,0.08107,0.29851,0.06246,0.02955,0.09762,0.06542,0.02789,0.10275,0.01847,0.00388,0.03452,0.04821,0.01601,0.09718,0.1112,0.05196,0.18282,0.28218
synthetic,dua_ctx,0.5,10,5,0.5,0.263,0.18953,0.30276,0.16304,0.14061,0.19669,67.0,0.16348,0.13898,0.19652,0.00972,0.00718,0.01592,0.01446,0.00614,0.02447,0.00078,0.00017,0.0019,0.01701,0.01249,0.02512,0.14526,0.12703,0.17259,0.25804
synthetic,euc_unemb,0.5,10,10,1.0,0.34243,0.27151,0.40092,0.10553,0.05774,0.16171,19.8,0.10637,0.0577,0.16598,0.01719,0.01304,0.02273,0.07499,0.04859,0.09808,0.01661,0.00967,0.02349,0.01882,0.00661,0.03374,0.0701,0.03532,0.11376,0.28218
synthetic,cau_unemb,0.5,10,10,1.0,0.34847,0.27986,0.40145,0.06543,0.04144,0.09315,28.3,0.06496,0.04188,0.09261,0.02927,0.01249,0.05789,0.0684,0.04667,0.08797,0.01457,0.00845,0.02004,0.01302,0.00702,0.02243,0.03784,0.02016,0.06003,0.28218
synthetic,dua_unemb,0.5,10,10,1.0,0.31384,0.2689,0.35158,0.07566,0.05445,0.09686,54.2,0.07626,0.05483,0.09727,0.00838,0.00592,0.01041,0.03166,0.02302,0.04109,0.00273,0.00154,0.00418,0.01147,0.00773,0.01558,0.06146,0.04378,0.07743,0.28218
synthetic,euc_dmd,0.5,10,10,1.0,0.32623,0.2577,0.39073,0.14387,0.07341,0.2287,20.7,0.14559,0.07336,0.22893,0.02169,0.01744,0.02634,0.07709,0.04756,0.10296,0.01738,0.00777,0.02589,0.03053,0.00978,0.05733,0.09597,0.04856,0.1525,0.28218
synthetic,cau_dmd,0.5,10,10,1.0,0.33007,0.26478,0.38851,0.09334,0.049,0.14722,25.3,0.09437,0.04929,0.14973,0.03967,0.01481,0.08108,0.07341,0.04749,0.09539,0.01572,0.00772,0.02326,0.025,0.00866,0.04547,0.05263,0.02771,0.08307,0.28218
synthetic,dua_dmd,0.5,10,10,1.0,0.30852,0.26478,0.34633,0.12314,0.09324,0.15427,58.0,0.12481,0.09574,0.15539,0.01251,0.00875,0.016,0.02634,0.0184,0.03395,0.00199,0.00111,0.00294,0.01519,0.01139,0.01936,0.10596,0.0783,0.132,0.28218
synthetic,euc_ctx,0.7,10,10,1.0,0.40223,0.32682,0.47724,0.31956,0.20595,0.45267,31.4,0.32054,0.20127,0.45703,0.05122,0.03345,0.07212,0.1427,0.09639,0.18502,0.05836,0.02856,0.08615,0.06938,0.03156,0.12133,0.19182,0.11588,0.28297,0.28218
synthetic,cau_ctx,0.7,10,10,1.0,0.3706,0.29892,0.44292,0.34777,0.21294,0.51861,62.8,0.34777,0.20661,0.5203,0.0898,0.06001,0.12074,0.1242,0.07907,0.17872,0.04942,0.0191,0.09288,0.09049,0.03992,0.15971,0.20786,0.11994,0.32424,0.28218
synthetic,dua_ctx,0.7,10,0,0.0,nan,nan,nan,nan,nan,nan,nan,nan,nan,nan,nan,nan,nan,nan,nan,nan,nan,nan,nan,nan,nan,nan,nan,nan,nan,
synthetic,euc_unemb,0.7,10,10,1.0,0.44356,0.35941,0.52262,0.24414,0.17794,0.31934,29.0,0.24352,0.17652,0.32362,0.02867,0.02419,0.03419,0.16138,0.11432,0.2066,0.07418,0.04593,0.09946,0.03745,0.01689,0.06256,0.13251,0.08118,0.19237,0.28218
synthetic,cau_unemb,0.7,10,10,1.0,0.44969,0.36424,0.51431,0.16789,0.135,0.19923,41.0,0.16568,0.13233,0.1986,0.05145,0.0234,0.07899,0.16751,0.12508,0.20143,0.07076,0.04291,0.09306,0.02732,0.01623,0.04391,0.06982,0.04405,0.10337,0.28218
synthetic,dua_unemb,0.7,10,5,0.5,0.32207,0.24268,0.3662,0.13877,0.12424,0.16175,60.0,0.13794,0.12405,0.15956,0.00976,0.0076,0.01301,0.06404,0.05493,0.07771,0.0105,0.00755,0.01449,0.02333,0.01822,0.0322,0.10493,0.09607,0.11823,0.25804
synthetic,euc_dmd,0.7,10,10,1.0,0.41561,0.33406,0.49509,0.30183,0.19797,0.42062,30.0,0.30242,0.20006,0.42157,0.03368,0.026,0.04281,0.14456,0.09524,0.1888,0.06301,0.03073,0.09336,0.05934,0.02382,0.10548,0.17948,0.10835,0.26228,0.28218
synthetic,cau_dmd,0.7,10,10,1.0,0.42359,0.3385,0.4947,0.21023,0.15291,0.2715,36.7,0.21007,0.15156,0.27733,0.04309,0.02351,0.07177,0.14781,0.11311,0.17881,0.06235,0.03885,0.08415,0.04919,0.02321,0.08525,0.09869,0.06295,0.14056,0.28218
synthetic,dua_dmd,0.7,10,5,0.5,0.32352,0.2438,0.36587,0.30089,0.25484,0.36994,74.6,0.29969,0.25695,0.36379,0.01794,0.01589,0.0199,0.06549,0.04908,0.0901,0.01167,0.00654,0.0199,0.03646,0.03286,0.04185,0.25276,0.2123,0.31344,0.25804
synthetic,euc_ctx,0.9,10,10,1.0,0.59523,0.51174,0.67769,0.8025,0.61481,0.99018,46.8,0.79893,0.61073,1.00347,0.08152,0.04332,0.15018,0.31305,0.25991,0.37627,0.26575,0.1712,0.356,0.14347,0.07394,0.23414,0.39328,0.2714,0.54398,0.28218
synthetic,cau_ctx,0.9,10,7,0.7,0.63048,0.54776,0.76214,0.67208,0.52159,0.95745,83.7,0.66486,0.51258,0.93188,0.08113,0.04332,0.1169,0.32519,0.24533,0.46675,0.28682,0.13165,0.59135,0.09006,0.05761,0.12529,0.2952,0.22945,0.41437,0.30529
synthetic,dua_ctx,0.9,10,0,0.0,nan,nan,nan,nan,nan,nan,nan,nan,nan,nan,nan,nan,nan,nan,nan,nan,nan,nan,nan,nan,nan,nan,nan,nan,nan,
synthetic,euc_unemb,0.9,10,10,1.0,0.65179,0.56102,0.72761,0.68886,0.57598,0.79994,43.2,0.68297,0.56434,0.79498,0.04716,0.03589,0.05909,0.36961,0.31569,0.41878,0.34176,0.24166,0.42729,0.07586,0.03676,0.1231,0.27123,0.19189,0.36429,0.28218
synthetic,cau_unemb,0.9,10,10,1.0,0.66705,0.56924,0.73714,0.55121,0.48304,0.60093,61.2,0.54332,0.47671,0.59235,0.06977,0.04332,0.0956,0.38486,0.32643,0.42723,0.35283,0.25818,0.43539,0.0565,0.03664,0.08391,0.14189,0.1024,0.18999,0.28218
synthetic,dua_unemb,0.9,10,2,0.2,nan,nan,nan,nan,nan,nan,99.0,nan,nan,nan,nan,nan,nan,nan,nan,nan,nan,nan,nan,nan,nan,nan,nan,nan,nan,0.31375
synthetic,euc_dmd,0.9,10,10,1.0,0.61576,0.5237,0.69837,0.78719,0.62446,0.95844,44.8,0.78296,0.62391,0.95016,0.07218,0.0454,0.11451,0.33357,0.28083,0.38488,0.29183,0.19687,0.38553,0.12452,0.05757,0.20955,0.37084,0.26625,0.49415,0.28218
synthetic,cau_dmd,0.9,10,10,1.0,0.63409,0.55972,0.70884,0.61802,0.5139,0.72197,54.8,0.61305,0.50736,0.71157,0.07074,0.03915,0.10349,0.35191,0.30028,0.39365,0.31235,0.22125,0.39398,0.10006,0.05191,0.16036,0.20562,0.14547,0.27103,0.28218
synthetic,dua_dmd,0.9,10,0,0.0,nan,nan,nan,nan,nan,nan,nan,nan,nan,nan,nan,nan,nan,nan,nan,nan,nan,nan,nan,nan,nan,nan,nan,nan,nan,
synthetic,euc_ctx,0.99,10,10,1.0,0.89367,0.86133,0.9236,2.47097,2.09851,2.87169,74.1,2.45027,2.0759,2.84948,0.16441,0.10675,0.21857,0.61149,0.58479,0.63131,1.19859,1.00572,1.37552,0.3386,0.19293,0.51434,0.93377,0.7106,1.18627,0.28218
synthetic,cau_ctx,0.99,10,0,0.0,nan,nan,nan,nan,nan,nan,nan,nan,nan,nan,nan,nan,nan,nan,nan,nan,nan,nan,nan,nan,nan,nan,nan,nan,nan,
synthetic,dua_ctx,0.99,10,0,0.0,nan,nan,nan,nan,nan,nan,nan,nan,nan,nan,nan,nan,nan,nan,nan,nan,nan,nan,nan,nan,nan,nan,nan,nan,nan,
synthetic,euc_unemb,0.99,10,10,1.0,0.91819,0.88019,0.94467,2.19331,1.9452,2.44281,68.2,2.17002,1.91996,2.41812,0.11704,0.0788,0.16455,0.636,0.6117,0.65623,1.38917,1.16381,1.58537,0.16966,0.08691,0.26554,0.63448,0.50114,0.78425,0.28218
synthetic,cau_unemb,0.99,10,4,0.4,0.94503,0.92319,0.97722,1.98677,1.56277,2.49172,80.0,1.95878,1.5398,2.45472,0.10018,0.06695,0.12036,0.661,0.60167,0.72057,1.60173,1.151,2.24521,0.07216,0.02465,0.11508,0.31288,0.22186,0.43627,0.28403
synthetic,dua_unemb,0.99,10,0,0.0,nan,nan,nan,nan,nan,nan,nan,nan,nan,nan,nan,nan,nan,nan,nan,nan,nan,nan,nan,nan,nan,nan,nan,nan,nan,
synthetic,euc_dmd,0.99,10,10,1.0,0.90616,0.87614,0.93195,2.44718,2.11364,2.77272,70.5,2.42549,2.08899,2.75972,0.15439,0.10031,0.20857,0.62397,0.60237,0.64308,1.27362,1.10367,1.44786,0.30155,0.14774,0.46175,0.87202,0.66715,1.09354,0.28218
synthetic,cau_dmd,0.99,10,9,0.9,0.92556,0.89058,0.9558,2.11758,1.84836,2.46542,84.1,2.09507,1.83075,2.44152,0.16522,0.10394,0.22352,0.64021,0.61586,0.67507,1.4327,1.18721,1.80505,0.22009,0.10523,0.34025,0.46478,0.33883,0.60028,0.28535
synthetic,dua_dmd,0.99,10,0,0.0,nan,nan,nan,nan,nan,nan,nan,nan,nan,nan,nan,nan,nan,nan,nan,nan,nan,nan,nan,nan,nan,nan,nan,nan,nan,
