level,a,b,n_paired,kl_diff_mean,kl_diff_lo,kl_diff_hi,frac_ctx_b_lower_kl,cf_diff_mean,cf_diff_lo,cf_diff_hi
0.3,euclid,dual,10,0.01824,-0.00784,0.04975,0.4,-0.00734,-0.02623,0.01358
0.3,causal_fixed,dual,10,0.03067,-0.00639,0.08957,0.4,-0.01684,-0.0387,0.00523
0.3,euclid,causal_fixed,10,-0.01242,-0.046,0.00085,0.3,0.00951,0.00195,0.01804
0.3,euclid_unemb,causal_unemb,10,0.01882,0.00549,0.03547,1.0,-0.0042,-0.01083,0.00405
0.3,euclid_unemb,dual,10,-0.00631,-0.01789,0.0111,0.2,0.00736,-0.00615,0.02085
0.3,causal_unemb,dual,10,-0.02513,-0.0383,-0.01094,0.0,0.01157,-6e-05,0.0199
0.3,euclid,euclid_unemb,10,0.02455,0.00562,0.0464,0.9,-0.0147,-0.02388,-0.00543
0.3,euclid,causal_unemb,10,0.04337,0.01223,0.07928,1.0,-0.0189,-0.03429,-0.00171
0.5,euclid,dual,5,-0.02988,-0.08119,0.07171,0.2,0.05025,0.01239,0.0981
0.5,causal_fixed,dual,5,0.01078,-0.08006,0.22594,0.2,0.03861,0.00476,0.0898
0.5,euclid,causal_fixed,10,-0.01693,-0.07159,0.00991,0.7,0.01985,0.00439,0.03402
0.5,euclid_unemb,causal_unemb,10,0.0401,0.01398,0.07079,0.9,-0.00604,-0.01336,0.00426
0.5,euclid_unemb,dual,5,-0.06285,-0.09701,-0.00704,0.2,0.06147,0.01535,0.10359
0.5,causal_unemb,dual,5,-0.09648,-0.11257,-0.07042,0.0,0.06094,0.01789,0.09392
0.5,euclid,euclid_unemb,10,0.05252,0.01664,0.09086,1.0,-0.02396,-0.03394,-0.01368
0.5,euclid,causal_unemb,10,0.09262,0.03261,0.16205,1.0,-0.03,-0.04594,-0.01002
0.7,euclid,dual,0,nan,nan,nan,nan,nan,nan,nan
0.7,causal_fixed,dual,0,nan,nan,nan,nan,nan,nan,nan
0.7,euclid,causal_fixed,10,-0.02296,-0.11834,0.02801,0.7,0.03082,0.00207,0.05585
0.7,euclid_unemb,causal_unemb,10,0.07625,0.03592,0.12532,0.9,-0.00613,-0.01476,0.00893
0.7,euclid_unemb,dual,0,nan,nan,nan,nan,nan,nan,nan
0.7,causal_unemb,dual,0,nan,nan,nan,nan,nan,nan,nan
0.7,euclid,euclid_unemb,10,0.07542,0.02506,0.13479,1.0,-0.04133,-0.05272,-0.02527
0.7,euclid,causal_unemb,10,0.15167,0.06037,0.25489,0.9,-0.04746,-0.0681,-0.02178
0.9,euclid,dual,0,nan,nan,nan,nan,nan,nan,nan
0.9,causal_fixed,dual,0,nan,nan,nan,nan,nan,nan,nan
0.9,euclid,causal_fixed,7,0.01829,-0.08623,0.0692,0.7143,0.05587,0.00464,0.09712
0.9,euclid_unemb,causal_unemb,10,0.13764,0.06407,0.22668,0.9,-0.01526,-0.02578,-0.00037
0.9,euclid_unemb,dual,0,nan,nan,nan,nan,nan,nan,nan
0.9,causal_unemb,dual,0,nan,nan,nan,nan,nan,nan,nan
0.9,euclid,euclid_unemb,10,0.11364,0.03048,0.20364,0.7,-0.05656,-0.07224,-0.03478
0.9,euclid,causal_unemb,10,0.25129,0.10028,0.43318,0.9,-0.07181,-0.09635,-0.03383
0.99,euclid,dual,0,nan,nan,nan,nan,nan,nan,nan
0.99,causal_fixed,dual,0,nan,nan,nan,nan,nan,nan,nan
0.99,euclid,causal_fixed,0,nan,nan,nan,nan,nan,nan,nan
0.99,euclid_unemb,causal_unemb,4,0.26733,0.18611,0.42945,1.0,-0.00885,-0.01467,0.00478
0.99,euclid_unemb,dual,0,nan,nan,nan,nan,nan,nan,nan
0.99,causal_unemb,dual,0,nan,nan,nan,nan,nan,nan,nan
0.99,euclid,euclid_unemb,10,0.27766,0.0984,0.47766,0.9,-0.02451,-0.03232,-0.01678
0.99,euclid,causal_unemb,4,0.41194,0.28065,0.6388,1.0,-0.03093,-0.04373,0.00325
