ctx_id,text,method,level,reached,step,P1,cf,kl
87,"Honestly, Many people really",euclid,0.3,1,13,0.3016,0.51668,0.08124
87,"Honestly, Many people really",euclid,0.5,1,18,0.50836,0.52667,0.15998
87,"Honestly, Many people really",euclid,0.7,1,23,0.71196,0.56232,0.2746
87,"Honestly, Many people really",euclid,0.9,1,31,0.90848,0.64193,0.55839
87,"Honestly, Many people really",euclid,0.99,1,45,0.9911,0.73036,1.30316
87,"Honestly, Many people really",causal_fixed,0.3,1,38,0.30341,0.53515,0.13768
87,"Honestly, Many people really",causal_fixed,0.5,1,53,0.51169,0.55158,0.26309
87,"Honestly, Many people really",causal_fixed,0.7,1,67,0.70221,0.58559,0.45518
87,"Honestly, Many people really",causal_fixed,0.9,1,91,0.90234,0.65145,0.98566
87,"Honestly, Many people really",causal_fixed,0.99,1,137,0.99015,0.65355,2.5369
87,"Honestly, Many people really",dual,0.3,0,,,,
87,"Honestly, Many people really",dual,0.5,0,,,,
87,"Honestly, Many people really",dual,0.7,0,,,,
87,"Honestly, Many people really",dual,0.9,0,,,,
87,"Honestly, Many people really",dual,0.99,0,,,,
152,"Every day, We just",euclid,0.3,1,34,0.32949,0.31577,0.5762
152,"Every day, We just",euclid,0.5,1,39,0.5317,0.31725,0.69645
152,"Every day, We just",euclid,0.7,1,44,0.72288,0.3506,0.79008
152,"Every day, We just",euclid,0.9,1,52,0.90672,0.45303,0.92452
152,"Every day, We just",euclid,0.99,1,67,0.99069,0.64136,1.37599
152,"Every day, We just",causal_fixed,0.3,1,109,0.30941,0.43797,1.225
152,"Every day, We just",causal_fixed,0.5,1,124,0.50739,0.44447,1.60973
152,"Every day, We just",causal_fixed,0.7,1,139,0.70341,0.47358,2.10965
152,"Every day, We just",causal_fixed,0.9,1,164,0.90363,0.54247,3.19971
152,"Every day, We just",causal_fixed,0.99,1,209,0.99046,0.63431,5.60895
152,"Every day, We just",dual,0.3,0,,,,
152,"Every day, We just",dual,0.5,0,,,,
152,"Every day, We just",dual,0.7,0,,,,
152,"Every day, We just",dual,0.9,0,,,,
152,"Every day, We just",dual,0.99,0,,,,
225,"At work, They really",euclid,0.3,1,31,0.327,0.25952,0.55943
225,"At work, They really",euclid,0.5,1,36,0.51405,0.25421,0.68628
225,"At work, They really",euclid,0.7,1,42,0.72678,0.279,0.81173
225,"At work, They really",euclid,0.9,1,51,0.91149,0.36574,1.0039
225,"At work, They really",euclid,0.99,1,67,0.99033,0.54293,1.59284
225,"At work, They really",causal_fixed,0.3,1,96,0.30003,0.36641,1.07687
225,"At work, They really",causal_fixed,0.5,1,119,0.50665,0.39404,1.59713
225,"At work, They really",causal_fixed,0.7,1,143,0.70331,0.42204,2.35247
225,"At work, They really",causal_fixed,0.9,1,181,0.90179,0.38249,4.10533
225,"At work, They really",causal_fixed,0.99,1,240,0.99026,0.2485,7.73758
225,"At work, They really",dual,0.3,0,,,,
225,"At work, They really",dual,0.5,0,,,,
225,"At work, They really",dual,0.7,0,,,,
225,"At work, They really",dual,0.9,0,,,,
225,"At work, They really",dual,0.99,0,,,,
207,"Every day, The workers rarely",euclid,0.3,1,26,0.31729,0.37111,0.3579
207,"Every day, The workers rarely",euclid,0.5,1,31,0.51405,0.36489,0.45395
207,"Every day, The workers rarely",euclid,0.7,1,36,0.7058,0.39018,0.52863
207,"Every day, The workers rarely",euclid,0.9,1,45,0.91179,0.49228,0.66708
207,"Every day, The workers rarely",euclid,0.99,1,60,0.99108,0.66048,1.12756
207,"Every day, The workers rarely",causal_fixed,0.3,1,85,0.30787,0.50361,0.56255
207,"Every day, The workers rarely",causal_fixed,0.5,1,101,0.50121,0.51183,0.80346
207,"Every day, The workers rarely",causal_fixed,0.7,1,118,0.70009,0.53823,1.17421
207,"Every day, The workers rarely",causal_fixed,0.9,1,147,0.90117,0.56643,2.13736
207,"Every day, The workers rarely",causal_fixed,0.99,1,201,0.99017,0.51477,4.66939
207,"Every day, The workers rarely",dual,0.3,0,,,,
207,"Every day, The workers rarely",dual,0.5,0,,,,
207,"Every day, The workers rarely",dual,0.7,0,,,,
207,"Every day, The workers rarely",dual,0.9,0,,,,
207,"Every day, The workers rarely",dual,0.99,0,,,,
273,"Every day, Many people usually",euclid,0.3,1,24,0.31728,0.58946,0.24587
273,"Every day, Many people usually",euclid,0.5,1,29,0.5348,0.59374,0.39759
273,"Every day, Many people usually",euclid,0.7,1,33,0.70337,0.61122,0.55253
273,"Every day, Many people usually",euclid,0.9,1,41,0.90957,0.66369,0.94567
273,"Every day, Many people usually",euclid,0.99,1,54,0.99044,0.72753,1.74447
273,"Every day, Many people usually",causal_fixed,0.3,1,80,0.30402,0.63715,0.66261
273,"Every day, Many people usually",causal_fixed,0.5,1,95,0.51486,0.60596,1.03782
273,"Every day, Many people usually",causal_fixed,0.7,1,108,0.70136,0.58851,1.48473
273,"Every day, Many people usually",causal_fixed,0.9,1,130,0.9045,0.58522,2.46258
273,"Every day, Many people usually",causal_fixed,0.99,1,166,0.99035,0.61084,4.42933
273,"Every day, Many people usually",dual,0.3,0,,,,
273,"Every day, Many people usually",dual,0.5,0,,,,
273,"Every day, Many people usually",dual,0.7,0,,,,
273,"Every day, Many people usually",dual,0.9,0,,,,
273,"Every day, Many people usually",dual,0.99,0,,,,
57,"At work, We often",euclid,0.3,1,29,0.30113,0.59999,0.29538
57,"At work, We often",euclid,0.5,1,35,0.53751,0.59394,0.4359
57,"At work, We often",euclid,0.7,1,40,0.7266,0.61553,0.5631
57,"At work, We often",euclid,0.9,1,48,0.90891,0.67582,0.79703
57,"At work, We often",euclid,0.99,1,62,0.99013,0.75716,1.33716
57,"At work, We often",causal_fixed,0.3,1,92,0.30672,0.6275,0.5692
57,"At work, We often",causal_fixed,0.5,1,107,0.50665,0.60488,0.84674
57,"At work, We often",causal_fixed,0.7,1,122,0.70845,0.59577,1.23387
57,"At work, We often",causal_fixed,0.9,1,145,0.90353,0.59944,2.03172
57,"At work, We often",causal_fixed,0.99,1,185,0.99004,0.61169,3.79608
57,"At work, We often",dual,0.3,0,,,,
57,"At work, We often",dual,0.5,0,,,,
57,"At work, We often",dual,0.7,0,,,,
57,"At work, We often",dual,0.9,0,,,,
57,"At work, We often",dual,0.99,0,,,,
226,"Honestly, We just",euclid,0.3,1,36,0.33538,0.04673,0.7551
226,"Honestly, We just",euclid,0.5,1,41,0.53848,0.04645,0.84602
226,"Honestly, We just",euclid,0.7,1,46,0.72586,0.05419,0.89145
226,"Honestly, We just",euclid,0.9,1,54,0.90379,0.0863,0.90778
226,"Honestly, We just",euclid,0.99,1,70,0.99001,0.24261,1.06679
226,"Honestly, We just",causal_fixed,0.3,1,119,0.30409,0.12556,1.45735
226,"Honestly, We just",causal_fixed,0.5,1,138,0.50904,0.17358,1.78804
226,"Honestly, We just",causal_fixed,0.7,1,156,0.7079,0.2465,2.26863
226,"Honestly, We just",causal_fixed,0.9,1,183,0.90162,0.33942,3.5208
226,"Honestly, We just",causal_fixed,0.99,1,230,0.99042,0.34444,6.7101
226,"Honestly, We just",dual,0.3,0,,,,
226,"Honestly, We just",dual,0.5,0,,,,
226,"Honestly, We just",dual,0.7,0,,,,
226,"Honestly, We just",dual,0.9,0,,,,
226,"Honestly, We just",dual,0.99,0,,,,
107,"Every day, I always",euclid,0.3,1,37,0.3233,0.35587,0.7467
107,"Every day, I always",euclid,0.5,1,42,0.54259,0.34954,0.89989
107,"Every day, I always",euclid,0.7,1,46,0.70978,0.36999,0.99147
107,"Every day, I always",euclid,0.9,1,54,0.91114,0.45504,1.14447
107,"Every day, I always",euclid,0.99,1,67,0.9901,0.58391,1.55068
107,"Every day, I always",causal_fixed,0.3,1,112,0.30909,0.55601,1.19972
107,"Every day, I always",causal_fixed,0.5,1,123,0.51402,0.57704,1.55695
107,"Every day, I always",causal_fixed,0.7,1,133,0.70027,0.62149,1.98997
107,"Every day, I always",causal_fixed,0.9,1,151,0.90678,0.72445,3.00724
107,"Every day, I always",causal_fixed,0.99,1,182,0.99066,0.83995,5.06765
107,"Every day, I always",dual,0.3,0,,,,
107,"Every day, I always",dual,0.5,0,,,,
107,"Every day, I always",dual,0.7,0,,,,
107,"Every day, I always",dual,0.9,0,,,,
107,"Every day, I always",dual,0.99,0,,,,
234,"Every day, The workers really",euclid,0.3,1,23,0.31512,0.3509,0.32246
234,"Every day, The workers really",euclid,0.5,1,29,0.53002,0.34044,0.47227
234,"Every day, The workers really",euclid,0.7,1,34,0.70296,0.35657,0.59657
234,"Every day, The workers really",euclid,0.9,1,44,0.91091,0.43508,0.87721
234,"Every day, The workers really",euclid,0.99,1,60,0.99008,0.56584,1.5406
234,"Every day, The workers really",causal_fixed,0.3,1,72,0.30034,0.3711,0.62353
234,"Every day, The workers really",causal_fixed,0.5,1,91,0.50519,0.35563,0.92166
234,"Every day, The workers really",causal_fixed,0.7,1,110,0.70371,0.36987,1.29167
234,"Every day, The workers really",causal_fixed,0.9,1,142,0.90316,0.42069,2.15222
234,"Every day, The workers really",causal_fixed,0.99,1,199,0.99025,0.4035,4.5935
234,"Every day, The workers really",dual,0.3,0,,,,
234,"Every day, The workers really",dual,0.5,0,,,,
234,"Every day, The workers really",dual,0.7,0,,,,
234,"Every day, The workers really",dual,0.9,0,,,,
234,"Every day, The workers really",dual,0.99,0,,,,
299,Many people,euclid,0.3,1,39,0.34091,0.07394,1.42652
299,Many people,euclid,0.5,1,43,0.53915,0.07357,1.57671
299,Many people,euclid,0.7,1,47,0.7252,0.08438,1.67378
299,Many people,euclid,0.9,1,54,0.91575,0.13464,1.75518
299,Many people,euclid,0.99,1,66,0.99166,0.32056,1.95891
299,Many people,causal_fixed,0.3,1,128,0.30307,0.20874,2.32683
299,Many people,causal_fixed,0.5,1,141,0.51142,0.20478,2.86134
299,Many people,causal_fixed,0.7,1,153,0.70226,0.21176,3.4726
299,Many people,causal_fixed,0.9,1,173,0.90015,0.2274,4.75703
299,Many people,causal_fixed,0.99,1,210,0.99016,0.22533,7.71294
299,Many people,dual,0.3,0,,,,
299,Many people,dual,0.5,0,,,,
299,Many people,dual,0.7,0,,,,
299,Many people,dual,0.9,0,,,,
299,Many people,dual,0.99,0,,,,
184,"Every day, You never",euclid,0.3,1,33,0.30219,0.40816,0.46083
184,"Every day, You never",euclid,0.5,1,39,0.51862,0.3965,0.58797
184,"Every day, You never",euclid,0.7,1,45,0.72595,0.42329,0.68128
184,"Every day, You never",euclid,0.9,1,54,0.90829,0.51004,0.80149
184,"Every day, You never",euclid,0.99,1,71,0.99043,0.66362,1.20219
184,"Every day, You never",causal_fixed,0.3,1,111,0.30372,0.51649,1.05827
184,"Every day, You never",causal_fixed,0.5,1,133,0.50089,0.55493,1.56635
184,"Every day, You never",causal_fixed,0.7,1,157,0.70517,0.623,2.21347
184,"Every day, You never",causal_fixed,0.9,1,194,0.9028,0.72143,3.47297
184,"Every day, You never",causal_fixed,0.99,1,256,0.99021,0.7666,6.1579
184,"Every day, You never",dual,0.3,0,,,,
184,"Every day, You never",dual,0.5,0,,,,
184,"Every day, You never",dual,0.7,0,,,,
184,"Every day, You never",dual,0.9,0,,,,
184,"Every day, You never",dual,0.99,0,,,,
35,"Every day, You just",euclid,0.3,1,35,0.32946,0.33332,0.49372
35,"Every day, You just",euclid,0.5,1,40,0.51892,0.33424,0.58247
35,"Every day, You just",euclid,0.7,1,45,0.70202,0.3637,0.6463
35,"Every day, You just",euclid,0.9,1,54,0.90427,0.46887,0.75278
35,"Every day, You just",euclid,0.99,1,70,0.99039,0.64602,1.17281
35,"Every day, You just",causal_fixed,0.3,1,117,0.30817,0.41475,1.19864
35,"Every day, You just",causal_fixed,0.5,1,135,0.50157,0.39491,1.62415
35,"Every day, You just",causal_fixed,0.7,1,154,0.70452,0.39475,2.19252
35,"Every day, You just",causal_fixed,0.9,1,183,0.90099,0.4141,3.32947
35,"Every day, You just",causal_fixed,0.99,1,234,0.99044,0.43627,5.88139
35,"Every day, You just",dual,0.3,0,,,,
35,"Every day, You just",dual,0.5,0,,,,
35,"Every day, You just",dual,0.7,0,,,,
35,"Every day, You just",dual,0.9,0,,,,
35,"Every day, You just",dual,0.99,0,,,,
11,"At work, We really",euclid,0.3,1,28,0.31339,0.41621,0.35365
11,"At work, We really",euclid,0.5,1,33,0.50324,0.40723,0.45852
11,"At work, We really",euclid,0.7,1,39,0.725,0.43671,0.56651
11,"At work, We really",euclid,0.9,1,47,0.90407,0.52439,0.69757
11,"At work, We really",euclid,0.99,1,62,0.99027,0.69086,1.05837
11,"At work, We really",causal_fixed,0.3,1,78,0.30589,0.45158,0.50966
11,"At work, We really",causal_fixed,0.5,1,93,0.50363,0.43933,0.65628
11,"At work, We really",causal_fixed,0.7,1,109,0.71096,0.45874,0.86429
11,"At work, We really",causal_fixed,0.9,1,133,0.90124,0.52056,1.30642
11,"At work, We really",causal_fixed,0.99,1,180,0.99016,0.53886,2.60806
11,"At work, We really",dual,0.3,0,,,,
11,"At work, We really",dual,0.5,0,,,,
11,"At work, We really",dual,0.7,0,,,,
11,"At work, We really",dual,0.9,0,,,,
11,"At work, We really",dual,0.99,0,,,,
94,"Honestly, You really",euclid,0.3,1,34,0.31623,0.10881,0.48743
94,"Honestly, You really",euclid,0.5,1,39,0.50699,0.10853,0.60027
94,"Honestly, You really",euclid,0.7,1,45,0.72752,0.12504,0.73293
94,"Honestly, You really",euclid,0.9,1,53,0.90404,0.17341,0.94595
94,"Honestly, You really",euclid,0.99,1,69,0.99103,0.29695,1.70889
94,"Honestly, You really",causal_fixed,0.3,1,106,0.30466,0.19239,0.96842
94,"Honestly, You really",causal_fixed,0.5,1,124,0.51125,0.16695,1.48308
94,"Honestly, You really",causal_fixed,0.7,1,142,0.70486,0.14747,2.15682
94,"Honestly, You really",causal_fixed,0.9,1,174,0.90184,0.11609,3.74163
94,"Honestly, You really",causal_fixed,0.99,1,232,0.99006,0.06876,7.61243
94,"Honestly, You really",dual,0.3,0,,,,
94,"Honestly, You really",dual,0.5,0,,,,
94,"Honestly, You really",dual,0.7,0,,,,
94,"Honestly, You really",dual,0.9,0,,,,
94,"Honestly, You really",dual,0.99,0,,,,
229,"Every day, They",euclid,0.3,1,31,0.32196,0.08589,0.52328
229,"Every day, They",euclid,0.5,1,36,0.51337,0.08666,0.65837
229,"Every day, They",euclid,0.7,1,41,0.70036,0.09919,0.79272
229,"Every day, They",euclid,0.9,1,50,0.90654,0.15608,1.06076
229,"Every day, They",euclid,0.99,1,65,0.99014,0.33595,1.76802
229,"Every day, They",causal_fixed,0.3,1,92,0.31119,0.06457,1.45414
229,"Every day, They",causal_fixed,0.5,1,106,0.50275,0.05712,1.89302
229,"Every day, They",causal_fixed,0.7,1,121,0.70753,0.05754,2.41512
229,"Every day, They",causal_fixed,0.9,1,144,0.90316,0.07295,3.30769
229,"Every day, They",causal_fixed,0.99,1,185,0.9905,0.13945,5.1401
229,"Every day, They",dual,0.3,0,,,,
229,"Every day, They",dual,0.5,0,,,,
229,"Every day, They",dual,0.7,0,,,,
229,"Every day, They",dual,0.9,0,,,,
229,"Every day, They",dual,0.99,0,,,,
257,"Every day, We always",euclid,0.3,1,30,0.32465,0.53973,0.35321
257,"Every day, We always",euclid,0.5,1,35,0.52608,0.53207,0.49221
257,"Every day, We always",euclid,0.7,1,40,0.71862,0.54558,0.64381
257,"Every day, We always",euclid,0.9,1,48,0.9056,0.58611,0.91244
257,"Every day, We always",euclid,0.99,1,63,0.99098,0.62538,1.54187
257,"Every day, We always",causal_fixed,0.3,1,101,0.30446,0.56036,0.8036
257,"Every day, We always",causal_fixed,0.5,1,116,0.50551,0.53968,1.12839
257,"Every day, We always",causal_fixed,0.7,1,130,0.70151,0.54199,1.54206
257,"Every day, We always",causal_fixed,0.9,1,152,0.9029,0.58306,2.40675
257,"Every day, We always",causal_fixed,0.99,1,189,0.99033,0.67873,4.23975
257,"Every day, We always",dual,0.3,0,,,,
257,"Every day, We always",dual,0.5,0,,,,
257,"Every day, We always",dual,0.7,0,,,,
257,"Every day, We always",dual,0.9,0,,,,
257,"Every day, We always",dual,0.99,0,,,,
141,Students really,euclid,0.3,1,34,0.3224,0.13315,0.82991
141,Students really,euclid,0.5,1,39,0.53663,0.12957,0.92533
141,Students really,euclid,0.7,1,43,0.7019,0.14216,0.9503
141,Students really,euclid,0.9,1,51,0.90624,0.21035,0.92141
141,Students really,euclid,0.99,1,65,0.99105,0.43807,0.98735
141,Students really,causal_fixed,0.3,1,103,0.30571,0.11783,1.20267
141,Students really,causal_fixed,0.5,1,118,0.50696,0.11394,1.35682
141,Students really,causal_fixed,0.7,1,133,0.70162,0.12606,1.52316
141,Students really,causal_fixed,0.9,1,159,0.90043,0.16822,1.95004
141,Students really,causal_fixed,0.99,1,214,0.99003,0.13718,4.15141
141,Students really,dual,0.3,0,,,,
141,Students really,dual,0.5,0,,,,
141,Students really,dual,0.7,0,,,,
141,Students really,dual,0.9,0,,,,
141,Students really,dual,0.99,0,,,,
168,I sometimes,euclid,0.3,1,40,0.30964,0.42984,0.7758
168,I sometimes,euclid,0.5,1,45,0.5444,0.42296,1.02788
168,I sometimes,euclid,0.7,1,49,0.72207,0.44279,1.23872
168,I sometimes,euclid,0.9,1,56,0.90847,0.50901,1.62475
168,I sometimes,euclid,0.99,1,69,0.99102,0.61969,2.45842
168,I sometimes,causal_fixed,0.3,1,126,0.31209,0.51725,2.32216
168,I sometimes,causal_fixed,0.5,1,139,0.50444,0.46315,3.03503
168,I sometimes,causal_fixed,0.7,1,153,0.70551,0.42431,3.92777
168,I sometimes,causal_fixed,0.9,1,176,0.90511,0.39859,5.54497
168,I sometimes,causal_fixed,0.99,1,216,0.99027,0.37987,8.48964
168,I sometimes,dual,0.3,0,,,,
168,I sometimes,dual,0.5,0,,,,
168,I sometimes,dual,0.7,0,,,,
168,I sometimes,dual,0.9,0,,,,
168,I sometimes,dual,0.99,0,,,,
18,"Honestly, You always",euclid,0.3,1,29,0.31343,0.32704,0.49218
18,"Honestly, You always",euclid,0.5,1,34,0.51649,0.32193,0.61123
18,"Honestly, You always",euclid,0.7,1,39,0.71286,0.35078,0.70174
18,"Honestly, You always",euclid,0.9,1,47,0.90383,0.45102,0.81043
18,"Honestly, You always",euclid,0.99,1,62,0.99058,0.65032,1.14246
18,"Honestly, You always",causal_fixed,0.3,1,107,0.30799,0.47093,0.95254
18,"Honestly, You always",causal_fixed,0.5,1,126,0.51121,0.46464,1.35266
18,"Honestly, You always",causal_fixed,0.7,1,144,0.70213,0.46317,1.85759
18,"Honestly, You always",causal_fixed,0.9,1,173,0.90205,0.43195,3.02918
18,"Honestly, You always",causal_fixed,0.99,1,219,0.99001,0.33932,5.6229
18,"Honestly, You always",dual,0.3,0,,,,
18,"Honestly, You always",dual,0.5,0,,,,
18,"Honestly, You always",dual,0.7,0,,,,
18,"Honestly, You always",dual,0.9,0,,,,
18,"Honestly, You always",dual,0.99,0,,,,
112,"Every day, I usually",euclid,0.3,1,38,0.31541,0.52337,0.47855
112,"Every day, I usually",euclid,0.5,1,43,0.54487,0.52707,0.61811
112,"Every day, I usually",euclid,0.7,1,47,0.71886,0.55186,0.737
112,"Every day, I usually",euclid,0.9,1,54,0.90498,0.61578,0.98278
112,"Every day, I usually",euclid,0.99,1,67,0.99045,0.69962,1.60116
112,"Every day, I usually",causal_fixed,0.3,1,113,0.30952,0.76333,1.24377
112,"Every day, I usually",causal_fixed,0.5,1,124,0.51576,0.74952,1.68425
112,"Every day, I usually",causal_fixed,0.7,1,134,0.7014,0.75018,2.21214
112,"Every day, I usually",causal_fixed,0.9,1,152,0.9065,0.77948,3.3738
112,"Every day, I usually",causal_fixed,0.99,1,183,0.99053,0.84241,5.54058
112,"Every day, I usually",dual,0.3,0,,,,
112,"Every day, I usually",dual,0.5,0,,,,
112,"Every day, I usually",dual,0.7,0,,,,
112,"Every day, I usually",dual,0.9,0,,,,
112,"Every day, I usually",dual,0.99,0,,,,
218,"At work, Many people still",euclid,0.3,1,26,0.31476,0.61636,0.20743
218,"At work, Many people still",euclid,0.5,1,31,0.52168,0.62158,0.29982
218,"At work, Many people still",euclid,0.7,1,36,0.72164,0.64949,0.4118
218,"At work, Many people still",euclid,0.9,1,44,0.91213,0.7123,0.65349
218,"At work, Many people still",euclid,0.99,1,57,0.99003,0.77799,1.20681
218,"At work, Many people still",causal_fixed,0.3,1,83,0.30786,0.60235,0.54724
218,"At work, Many people still",causal_fixed,0.5,1,98,0.5113,0.57656,0.82827
218,"At work, Many people still",causal_fixed,0.7,1,112,0.70232,0.55723,1.20609
218,"At work, Many people still",causal_fixed,0.9,1,135,0.90166,0.52241,2.06293
218,"At work, Many people still",causal_fixed,0.99,1,176,0.99051,0.43965,4.04372
218,"At work, Many people still",dual,0.3,0,,,,
218,"At work, Many people still",dual,0.5,0,,,,
218,"At work, Many people still",dual,0.7,0,,,,
218,"At work, Many people still",dual,0.9,0,,,,
218,"At work, Many people still",dual,0.99,0,,,,
240,"Every day, We usually",euclid,0.3,1,29,0.31337,0.58955,0.31747
240,"Every day, We usually",euclid,0.5,1,34,0.52573,0.58839,0.45001
240,"Every day, We usually",euclid,0.7,1,39,0.72868,0.61213,0.59966
240,"Every day, We usually",euclid,0.9,1,46,0.90213,0.66462,0.84047
240,"Every day, We usually",euclid,0.99,1,60,0.9906,0.73802,1.44807
240,"Every day, We usually",causal_fixed,0.3,1,95,0.30724,0.69884,0.75184
240,"Every day, We usually",causal_fixed,0.5,1,108,0.50218,0.68158,1.0811
240,"Every day, We usually",causal_fixed,0.7,1,121,0.70381,0.67561,1.54082
240,"Every day, We usually",causal_fixed,0.9,1,141,0.90368,0.68823,2.47117
240,"Every day, We usually",causal_fixed,0.99,1,175,0.9905,0.72332,4.36844
240,"Every day, We usually",dual,0.3,0,,,,
240,"Every day, We usually",dual,0.5,0,,,,
240,"Every day, We usually",dual,0.7,0,,,,
240,"Every day, We usually",dual,0.9,0,,,,
240,"Every day, We usually",dual,0.99,0,,,,
84,"Every day, Many people",euclid,0.3,1,22,0.32492,0.24951,0.38401
84,"Every day, Many people",euclid,0.5,1,26,0.50522,0.25145,0.51654
84,"Every day, Many people",euclid,0.7,1,31,0.72334,0.28228,0.697
84,"Every day, Many people",euclid,0.9,1,38,0.90692,0.36828,1.01132
84,"Every day, Many people",euclid,0.99,1,51,0.9911,0.53773,1.90868
84,"Every day, Many people",causal_fixed,0.3,1,71,0.30174,0.39641,0.83272
84,"Every day, Many people",causal_fixed,0.5,1,85,0.50307,0.40354,1.212
84,"Every day, Many people",causal_fixed,0.7,1,99,0.70789,0.42613,1.71847
84,"Every day, Many people",causal_fixed,0.9,1,120,0.90271,0.47293,2.72669
84,"Every day, Many people",causal_fixed,0.99,1,157,0.99051,0.53673,4.97139
84,"Every day, Many people",dual,0.3,0,,,,
84,"Every day, Many people",dual,0.5,0,,,,
84,"Every day, Many people",dual,0.7,0,,,,
84,"Every day, Many people",dual,0.9,0,,,,
84,"Every day, Many people",dual,0.99,0,,,,
117,"At work, The workers still",euclid,0.3,1,26,0.33298,0.33511,0.34317
117,"At work, The workers still",euclid,0.5,1,31,0.52933,0.3303,0.42909
117,"At work, The workers still",euclid,0.7,1,36,0.71715,0.35568,0.49282
117,"At work, The workers still",euclid,0.9,1,44,0.90308,0.4445,0.59174
117,"At work, The workers still",euclid,0.99,1,59,0.99072,0.62685,0.99431
117,"At work, The workers still",causal_fixed,0.3,1,79,0.30947,0.40377,0.4969
117,"At work, The workers still",causal_fixed,0.5,1,94,0.50944,0.40111,0.6995
117,"At work, The workers still",causal_fixed,0.7,1,109,0.71018,0.42662,0.97877
117,"At work, The workers still",causal_fixed,0.9,1,132,0.90336,0.49092,1.602
117,"At work, The workers still",causal_fixed,0.99,1,173,0.99021,0.52254,3.2549
117,"At work, The workers still",dual,0.3,0,,,,
117,"At work, The workers still",dual,0.5,0,,,,
117,"At work, The workers still",dual,0.7,0,,,,
117,"At work, The workers still",dual,0.9,0,,,,
117,"At work, The workers still",dual,0.99,0,,,,
121,"Every day, They usually",euclid,0.3,1,24,0.30093,0.4361,0.304
121,"Every day, They usually",euclid,0.5,1,30,0.52435,0.43195,0.50197
121,"Every day, They usually",euclid,0.7,1,35,0.70664,0.45132,0.70064
121,"Every day, They usually",euclid,0.9,1,44,0.9071,0.51805,1.11783
121,"Every day, They usually",euclid,0.99,1,60,0.99124,0.62399,2.02014
121,"Every day, They usually",causal_fixed,0.3,1,86,0.30382,0.47313,0.94332
121,"Every day, They usually",causal_fixed,0.5,1,104,0.50735,0.44368,1.41388
121,"Every day, They usually",causal_fixed,0.7,1,121,0.7018,0.44061,1.96644
121,"Every day, They usually",causal_fixed,0.9,1,149,0.90373,0.4758,3.09702
121,"Every day, They usually",causal_fixed,0.99,1,196,0.99002,0.54921,5.51753
121,"Every day, They usually",dual,0.3,0,,,,
121,"Every day, They usually",dual,0.5,0,,,,
121,"Every day, They usually",dual,0.7,0,,,,
121,"Every day, They usually",dual,0.9,0,,,,
121,"Every day, They usually",dual,0.99,0,,,,
33,Many people rarely,euclid,0.3,1,36,0.34095,0.48517,0.55078
33,Many people rarely,euclid,0.5,1,40,0.52767,0.49287,0.62884
33,Many people rarely,euclid,0.7,1,44,0.70587,0.52884,0.6856
33,Many people rarely,euclid,0.9,1,51,0.90006,0.62952,0.79359
33,Many people rarely,euclid,0.99,1,65,0.99154,0.76903,1.2606
33,Many people rarely,causal_fixed,0.3,1,114,0.31072,0.65341,1.37855
33,Many people rarely,causal_fixed,0.5,1,126,0.51108,0.6046,1.88435
33,Many people rarely,causal_fixed,0.7,1,138,0.70841,0.55628,2.55607
33,Many people rarely,causal_fixed,0.9,1,157,0.90103,0.50519,3.83027
33,Many people rarely,causal_fixed,0.99,1,193,0.99029,0.47673,6.40821
33,Many people rarely,dual,0.3,0,,,,
33,Many people rarely,dual,0.5,0,,,,
33,Many people rarely,dual,0.7,0,,,,
33,Many people rarely,dual,0.9,0,,,,
33,Many people rarely,dual,0.99,0,,,,
183,"Every day, The workers still",euclid,0.3,1,29,0.31499,0.36257,0.38208
183,"Every day, The workers still",euclid,0.5,1,34,0.5086,0.36129,0.48038
183,"Every day, The workers still",euclid,0.7,1,40,0.73236,0.39954,0.57995
183,"Every day, The workers still",euclid,0.9,1,48,0.90882,0.49792,0.72909
183,"Every day, The workers still",euclid,0.99,1,63,0.99102,0.66749,1.24649
183,"Every day, The workers still",causal_fixed,0.3,1,85,0.30064,0.41914,0.61209
183,"Every day, The workers still",causal_fixed,0.5,1,100,0.50332,0.41787,0.84238
183,"Every day, The workers still",causal_fixed,0.7,1,115,0.70619,0.43895,1.16759
183,"Every day, The workers still",causal_fixed,0.9,1,138,0.90063,0.47763,1.88687
183,"Every day, The workers still",causal_fixed,0.99,1,180,0.99009,0.44497,3.7083
183,"Every day, The workers still",dual,0.3,0,,,,
183,"Every day, The workers still",dual,0.5,0,,,,
183,"Every day, The workers still",dual,0.7,0,,,,
183,"Every day, The workers still",dual,0.9,0,,,,
183,"Every day, The workers still",dual,0.99,0,,,,
139,"Every day, I really",euclid,0.3,1,45,0.31172,0.13924,1.40652
139,"Every day, I really",euclid,0.5,1,50,0.53077,0.13079,1.62744
139,"Every day, I really",euclid,0.7,1,54,0.70102,0.13798,1.75757
139,"Every day, I really",euclid,0.9,1,62,0.90868,0.18254,1.92639
139,"Every day, I really",euclid,0.99,1,76,0.99156,0.30042,2.28531
139,"Every day, I really",causal_fixed,0.3,1,136,0.30984,0.24924,2.15706
139,"Every day, I really",causal_fixed,0.5,1,149,0.50555,0.2252,2.72291
139,"Every day, I really",causal_fixed,0.7,1,163,0.70606,0.21236,3.47013
139,"Every day, I really",causal_fixed,0.9,1,186,0.90048,0.2019,4.92527
139,"Every day, I really",causal_fixed,0.99,1,231,0.99051,0.16689,8.082
139,"Every day, I really",dual,0.3,0,,,,
139,"Every day, I really",dual,0.5,0,,,,
139,"Every day, I really",dual,0.7,0,,,,
139,"Every day, I really",dual,0.9,0,,,,
139,"Every day, I really",dual,0.99,0,,,,
297,Many people usually,euclid,0.3,1,31,0.30197,0.60184,0.33192
297,Many people usually,euclid,0.5,1,36,0.52431,0.61178,0.51047
297,Many people usually,euclid,0.7,1,41,0.73662,0.63807,0.74985
297,Many people usually,euclid,0.9,1,48,0.91075,0.68349,1.18186
297,Many people usually,euclid,0.99,1,61,0.99084,0.73894,2.16714
297,Many people usually,causal_fixed,0.3,1,109,0.30672,0.63697,1.19942
297,Many people usually,causal_fixed,0.5,1,123,0.50234,0.58282,1.71762
297,Many people usually,causal_fixed,0.7,1,138,0.7118,0.53151,2.4495
297,Many people usually,causal_fixed,0.9,1,160,0.90233,0.48921,3.76349
297,Many people usually,causal_fixed,0.99,1,200,0.99015,0.47237,6.52526
297,Many people usually,dual,0.3,0,,,,
297,Many people usually,dual,0.5,0,,,,
297,Many people usually,dual,0.7,0,,,,
297,Many people usually,dual,0.9,0,,,,
297,Many people usually,dual,0.99,0,,,,
254,You often,euclid,0.3,1,47,0.32103,0.40671,1.02118
254,You often,euclid,0.5,1,52,0.53758,0.4042,1.17114
254,You often,euclid,0.7,1,56,0.70332,0.43045,1.23555
254,You often,euclid,0.9,1,64,0.90616,0.5307,1.27282
254,You often,euclid,0.99,1,78,0.99057,0.68573,1.42933
254,You often,causal_fixed,0.3,1,145,0.31272,0.75635,1.16085
254,You often,causal_fixed,0.5,1,158,0.50001,0.70462,1.48135
254,You often,causal_fixed,0.7,1,172,0.70133,0.65577,1.89211
254,You often,causal_fixed,0.9,1,194,0.90136,0.60974,2.65797
254,You often,causal_fixed,0.99,1,232,0.99003,0.57863,4.18397
254,You often,dual,0.3,0,,,,
254,You often,dual,0.5,0,,,,
254,You often,dual,0.7,0,,,,
254,You often,dual,0.9,0,,,,
254,You often,dual,0.99,0,,,,
1,You also,euclid,0.3,1,47,0.33533,0.1195,1.15541
1,You also,euclid,0.5,1,52,0.53242,0.11768,1.27834
1,You also,euclid,0.7,1,57,0.71908,0.13222,1.33707
1,You also,euclid,0.9,1,65,0.90243,0.19078,1.33387
1,You also,euclid,0.99,1,81,0.99127,0.39863,1.41939
1,You also,causal_fixed,0.3,1,143,0.30181,0.23788,1.73607
1,You also,causal_fixed,0.5,1,159,0.51156,0.20381,2.34027
1,You also,causal_fixed,0.7,1,174,0.70532,0.1702,3.10721
1,You also,causal_fixed,0.9,1,199,0.90381,0.11928,4.71941
1,You also,causal_fixed,0.99,1,243,0.99026,0.06961,7.83088
1,You also,dual,0.3,0,,,,
1,You also,dual,0.5,0,,,,
1,You also,dual,0.7,0,,,,
1,You also,dual,0.9,0,,,,
1,You also,dual,0.99,0,,,,
263,People also,euclid,0.3,1,36,0.30466,0.13994,0.91506
263,People also,euclid,0.5,1,41,0.50899,0.13319,1.03089
263,People also,euclid,0.7,1,46,0.71,0.14721,1.07742
263,People also,euclid,0.9,1,54,0.90593,0.21471,1.05704
263,People also,euclid,0.99,1,68,0.99039,0.4443,1.09269
263,People also,causal_fixed,0.3,1,112,0.30072,0.22105,1.19391
263,People also,causal_fixed,0.5,1,127,0.51503,0.22777,1.4588
263,People also,causal_fixed,0.7,1,140,0.70226,0.25726,1.74432
263,People also,causal_fixed,0.9,1,162,0.90315,0.34201,2.42117
263,People also,causal_fixed,0.99,1,200,0.99052,0.45887,4.19744
263,People also,dual,0.3,0,,,,
263,People also,dual,0.5,0,,,,
263,People also,dual,0.7,0,,,,
263,People also,dual,0.9,0,,,,
263,People also,dual,0.99,0,,,,
2,"At work, I really",euclid,0.3,1,45,0.33829,0.09332,1.53782
2,"At work, I really",euclid,0.5,1,49,0.51221,0.08609,1.70497
2,"At work, I really",euclid,0.7,1,54,0.72052,0.0891,1.84485
2,"At work, I really",euclid,0.9,1,61,0.90025,0.11144,1.94753
2,"At work, I really",euclid,0.99,1,75,0.99077,0.19241,2.16323
2,"At work, I really",causal_fixed,0.3,1,131,0.30411,0.13466,1.92835
2,"At work, I really",causal_fixed,0.5,1,146,0.50289,0.12518,2.22404
2,"At work, I really",causal_fixed,0.7,1,162,0.70376,0.11921,2.71117
2,"At work, I really",causal_fixed,0.9,1,189,0.90072,0.09422,4.02649
2,"At work, I really",causal_fixed,0.99,1,240,0.99031,0.0434,7.35743
2,"At work, I really",dual,0.3,0,,,,
2,"At work, I really",dual,0.5,0,,,,
2,"At work, I really",dual,0.7,0,,,,
2,"At work, I really",dual,0.9,0,,,,
2,"At work, I really",dual,0.99,0,,,,
282,"Honestly, Many people usually",euclid,0.3,1,17,0.33202,0.57392,0.15516
282,"Honestly, Many people usually",euclid,0.5,1,21,0.50549,0.58625,0.26588
282,"Honestly, Many people usually",euclid,0.7,1,26,0.71555,0.61443,0.46399
282,"Honestly, Many people usually",euclid,0.9,1,34,0.9138,0.66679,0.90826
282,"Honestly, Many people usually",euclid,0.99,1,47,0.99087,0.71854,1.82243
282,"Honestly, Many people usually",causal_fixed,0.3,1,58,0.30325,0.62389,0.33205
282,"Honestly, Many people usually",causal_fixed,0.5,1,74,0.50475,0.62064,0.61306
282,"Honestly, Many people usually",causal_fixed,0.7,1,90,0.71017,0.61369,1.04704
282,"Honestly, Many people usually",causal_fixed,0.9,1,113,0.90034,0.59968,1.93553
282,"Honestly, Many people usually",causal_fixed,0.99,1,155,0.99047,0.56311,4.10419
282,"Honestly, Many people usually",dual,0.3,0,,,,
282,"Honestly, Many people usually",dual,0.5,0,,,,
282,"Honestly, Many people usually",dual,0.7,0,,,,
282,"Honestly, Many people usually",dual,0.9,0,,,,
282,"Honestly, Many people usually",dual,0.99,0,,,,
14,"At work, We also",euclid,0.3,1,32,0.33197,0.358,0.42589
14,"At work, We also",euclid,0.5,1,37,0.51796,0.35397,0.48883
14,"At work, We also",euclid,0.7,1,43,0.73011,0.38948,0.51514
14,"At work, We also",euclid,0.9,1,51,0.90216,0.49074,0.51917
14,"At work, We also",euclid,0.99,1,67,0.99052,0.71368,0.71435
14,"At work, We also",causal_fixed,0.3,1,107,0.304,0.38758,0.69581
14,"At work, We also",causal_fixed,0.5,1,124,0.50336,0.37336,0.9391
14,"At work, We also",causal_fixed,0.7,1,141,0.70973,0.38906,1.2616
14,"At work, We also",causal_fixed,0.9,1,165,0.90052,0.44129,1.92773
14,"At work, We also",causal_fixed,0.99,1,207,0.99001,0.50618,3.69663
14,"At work, We also",dual,0.3,0,,,,
14,"At work, We also",dual,0.5,0,,,,
14,"At work, We also",dual,0.7,0,,,,
14,"At work, We also",dual,0.9,0,,,,
14,"At work, We also",dual,0.99,0,,,,
188,People really,euclid,0.3,1,31,0.3162,0.27148,0.5923
188,People really,euclid,0.5,1,36,0.53554,0.27046,0.70028
188,People really,euclid,0.7,1,40,0.70494,0.29568,0.75808
188,People really,euclid,0.9,1,48,0.91038,0.40511,0.85829
188,People really,euclid,0.99,1,61,0.99029,0.62024,1.22763
188,People really,causal_fixed,0.3,1,88,0.31016,0.32535,1.06306
188,People really,causal_fixed,0.5,1,103,0.50513,0.32402,1.3748
188,People really,causal_fixed,0.7,1,121,0.70708,0.34237,1.88558
188,People really,causal_fixed,0.9,1,156,0.90265,0.29202,3.47755
188,People really,causal_fixed,0.99,1,219,0.99035,0.08955,7.91513
188,People really,dual,0.3,0,,,,
188,People really,dual,0.5,0,,,,
188,People really,dual,0.7,0,,,,
188,People really,dual,0.9,0,,,,
188,People really,dual,0.99,0,,,,
274,They also,euclid,0.3,1,47,0.32508,0.01883,1.21038
274,They also,euclid,0.5,1,52,0.51642,0.01812,1.30082
274,They also,euclid,0.7,1,57,0.70102,0.02036,1.3426
274,They also,euclid,0.9,1,66,0.90394,0.03346,1.3392
274,They also,euclid,0.99,1,82,0.99038,0.10839,1.33047
274,They also,causal_fixed,0.3,1,146,0.30852,0.03492,1.79441
274,They also,causal_fixed,0.5,1,161,0.50351,0.03856,2.1026
274,They also,causal_fixed,0.7,1,177,0.7082,0.04927,2.49896
274,They also,causal_fixed,0.9,1,202,0.90448,0.07523,3.40518
274,They also,causal_fixed,0.99,1,245,0.99006,0.08571,5.98486
274,They also,dual,0.3,0,,,,
274,They also,dual,0.5,0,,,,
274,They also,dual,0.7,0,,,,
274,They also,dual,0.9,0,,,,
274,They also,dual,0.99,0,,,,
119,"Honestly, I still",euclid,0.3,1,43,0.30194,0.07578,1.11684
119,"Honestly, I still",euclid,0.5,1,48,0.52416,0.06861,1.40005
119,"Honestly, I still",euclid,0.7,1,53,0.73712,0.07092,1.68927
119,"Honestly, I still",euclid,0.9,1,60,0.91194,0.08563,2.11269
119,"Honestly, I still",euclid,0.99,1,73,0.99146,0.12569,3.04311
119,"Honestly, I still",causal_fixed,0.3,1,131,0.31034,0.17267,2.0372
119,"Honestly, I still",causal_fixed,0.5,1,142,0.51244,0.15565,2.60523
119,"Honestly, I still",causal_fixed,0.7,1,153,0.71349,0.15301,3.27917
119,"Honestly, I still",causal_fixed,0.9,1,170,0.90456,0.16688,4.50192
119,"Honestly, I still",causal_fixed,0.99,1,201,0.99001,0.18989,7.08983
119,"Honestly, I still",dual,0.3,0,,,,
119,"Honestly, I still",dual,0.5,0,,,,
119,"Honestly, I still",dual,0.7,0,,,,
119,"Honestly, I still",dual,0.9,0,,,,
119,"Honestly, I still",dual,0.99,0,,,,
13,"Honestly, The workers often",euclid,0.3,1,24,0.32402,0.32841,0.39279
13,"Honestly, The workers often",euclid,0.5,1,29,0.53118,0.32288,0.53836
13,"Honestly, The workers often",euclid,0.7,1,34,0.72731,0.34616,0.68118
13,"Honestly, The workers often",euclid,0.9,1,42,0.91198,0.42314,0.94519
13,"Honestly, The workers often",euclid,0.99,1,56,0.99058,0.5471,1.65876
13,"Honestly, The workers often",causal_fixed,0.3,1,78,0.3025,0.42361,0.73911
13,"Honestly, The workers often",causal_fixed,0.5,1,94,0.50829,0.40799,1.1539
13,"Honestly, The workers often",causal_fixed,0.7,1,110,0.70907,0.40362,1.72699
13,"Honestly, The workers often",causal_fixed,0.9,1,136,0.90448,0.39807,2.98315
13,"Honestly, The workers often",causal_fixed,0.99,1,183,0.99044,0.36477,5.85841
13,"Honestly, The workers often",dual,0.3,0,,,,
13,"Honestly, The workers often",dual,0.5,0,,,,
13,"Honestly, The workers often",dual,0.7,0,,,,
13,"Honestly, The workers often",dual,0.9,0,,,,
13,"Honestly, The workers often",dual,0.99,0,,,,
267,You still,euclid,0.3,1,41,0.32081,0.23975,0.76028
267,You still,euclid,0.5,1,46,0.53242,0.23725,0.86962
267,You still,euclid,0.7,1,51,0.73299,0.26428,0.92571
267,You still,euclid,0.9,1,58,0.90386,0.34269,0.95672
267,You still,euclid,0.99,1,72,0.99091,0.51748,1.18477
267,You still,causal_fixed,0.3,1,129,0.30397,0.32967,1.31406
267,You still,causal_fixed,0.5,1,143,0.50986,0.27894,1.8215
267,You still,causal_fixed,0.7,1,156,0.70201,0.2411,2.44498
267,You still,causal_fixed,0.9,1,178,0.90419,0.18678,3.79641
267,You still,causal_fixed,0.99,1,217,0.99035,0.11586,6.57386
267,You still,dual,0.3,0,,,,
267,You still,dual,0.5,0,,,,
267,You still,dual,0.7,0,,,,
267,You still,dual,0.9,0,,,,
267,You still,dual,0.99,0,,,,
52,Many people still,euclid,0.3,1,35,0.32495,0.52756,0.43137
52,Many people still,euclid,0.5,1,39,0.50857,0.53597,0.55366
52,Many people still,euclid,0.7,1,44,0.72919,0.57273,0.73497
52,Many people still,euclid,0.9,1,51,0.91118,0.64364,1.06835
52,Many people still,euclid,0.99,1,63,0.99022,0.72154,1.84512
52,Many people still,causal_fixed,0.3,1,112,0.30219,0.55633,1.35736
52,Many people still,causal_fixed,0.5,1,125,0.50448,0.49157,1.87942
52,Many people still,causal_fixed,0.7,1,138,0.70765,0.43116,2.54811
52,Many people still,causal_fixed,0.9,1,158,0.90272,0.35872,3.76749
52,Many people still,causal_fixed,0.99,1,194,0.99045,0.26145,6.2096
52,Many people still,dual,0.3,0,,,,
52,Many people still,dual,0.5,0,,,,
52,Many people still,dual,0.7,0,,,,
52,Many people still,dual,0.9,0,,,,
52,Many people still,dual,0.99,0,,,,
176,"Honestly, Students usually",euclid,0.3,1,21,0.33515,0.53913,0.20592
176,"Honestly, Students usually",euclid,0.5,1,25,0.50657,0.54568,0.32439
176,"Honestly, Students usually",euclid,0.7,1,30,0.71383,0.56683,0.52646
176,"Honestly, Students usually",euclid,0.9,1,38,0.91141,0.6107,0.96774
176,"Honestly, Students usually",euclid,0.99,1,51,0.99024,0.65605,1.87146
176,"Honestly, Students usually",causal_fixed,0.3,1,72,0.30157,0.61628,0.48083
176,"Honestly, Students usually",causal_fixed,0.5,1,89,0.50851,0.58933,0.83208
176,"Honestly, Students usually",causal_fixed,0.7,1,105,0.70469,0.55248,1.31699
176,"Honestly, Students usually",causal_fixed,0.9,1,131,0.90468,0.48602,2.38918
176,"Honestly, Students usually",causal_fixed,0.99,1,175,0.99011,0.38712,4.71971
176,"Honestly, Students usually",dual,0.3,0,,,,
176,"Honestly, Students usually",dual,0.5,0,,,,
176,"Honestly, Students usually",dual,0.7,0,,,,
176,"Honestly, Students usually",dual,0.9,0,,,,
176,"Honestly, Students usually",dual,0.99,0,,,,
191,"At work, Students often",euclid,0.3,1,29,0.30113,0.58255,0.29621
191,"At work, Students often",euclid,0.5,1,34,0.50678,0.57903,0.4169
191,"At work, Students often",euclid,0.7,1,39,0.7102,0.60127,0.55244
191,"At work, Students often",euclid,0.9,1,47,0.90779,0.66552,0.81837
191,"At work, Students often",euclid,0.99,1,61,0.99113,0.7495,1.45279
191,"At work, Students often",causal_fixed,0.3,1,103,0.30861,0.65792,0.71129
191,"At work, Students often",causal_fixed,0.5,1,118,0.50657,0.60724,1.06205
191,"At work, Students often",causal_fixed,0.7,1,133,0.70904,0.56033,1.56427
191,"At work, Students often",causal_fixed,0.9,1,155,0.90108,0.51489,2.52131
191,"At work, Students often",causal_fixed,0.99,1,194,0.99034,0.48554,4.52834
191,"At work, Students often",dual,0.3,0,,,,
191,"At work, Students often",dual,0.5,0,,,,
191,"At work, Students often",dual,0.7,0,,,,
191,"At work, Students often",dual,0.9,0,,,,
191,"At work, Students often",dual,0.99,0,,,,
55,"Honestly, The workers usually",euclid,0.3,1,23,0.31961,0.37063,0.32099
55,"Honestly, The workers usually",euclid,0.5,1,28,0.52491,0.37088,0.47853
55,"Honestly, The workers usually",euclid,0.7,1,33,0.72131,0.3955,0.66342
55,"Honestly, The workers usually",euclid,0.9,1,41,0.90896,0.46331,1.03878
55,"Honestly, The workers usually",euclid,0.99,1,55,0.99014,0.55733,1.94894
55,"Honestly, The workers usually",causal_fixed,0.3,1,77,0.30982,0.44009,0.85783
55,"Honestly, The workers usually",causal_fixed,0.5,1,93,0.51329,0.43086,1.30947
55,"Honestly, The workers usually",causal_fixed,0.7,1,108,0.70174,0.44099,1.86696
55,"Honestly, The workers usually",causal_fixed,0.9,1,134,0.90376,0.48066,3.14697
55,"Honestly, The workers usually",causal_fixed,0.99,1,179,0.99037,0.53903,6.00995
55,"Honestly, The workers usually",dual,0.3,0,,,,
55,"Honestly, The workers usually",dual,0.5,0,,,,
55,"Honestly, The workers usually",dual,0.7,0,,,,
55,"Honestly, The workers usually",dual,0.9,0,,,,
55,"Honestly, The workers usually",dual,0.99,0,,,,
246,"Every day, They just",euclid,0.3,1,33,0.31018,0.30582,0.56513
246,"Every day, They just",euclid,0.5,1,38,0.50103,0.30094,0.67656
246,"Every day, They just",euclid,0.7,1,44,0.72263,0.33335,0.76545
246,"Every day, They just",euclid,0.9,1,52,0.90078,0.42791,0.86209
246,"Every day, They just",euclid,0.99,1,68,0.99005,0.63322,1.27934
246,"Every day, They just",causal_fixed,0.3,1,119,0.30528,0.43342,1.35099
246,"Every day, They just",causal_fixed,0.5,1,138,0.507,0.43694,1.85609
246,"Every day, They just",causal_fixed,0.7,1,157,0.70639,0.44899,2.52367
246,"Every day, They just",causal_fixed,0.9,1,187,0.90328,0.46225,3.89049
246,"Every day, They just",causal_fixed,0.99,1,238,0.99012,0.44718,6.68154
246,"Every day, They just",dual,0.3,0,,,,
246,"Every day, They just",dual,0.5,0,,,,
246,"Every day, They just",dual,0.7,0,,,,
246,"Every day, They just",dual,0.9,0,,,,
246,"Every day, They just",dual,0.99,0,,,,
95,"Honestly, People usually",euclid,0.3,1,17,0.30386,0.55027,0.15068
95,"Honestly, People usually",euclid,0.5,1,22,0.52419,0.56022,0.28465
95,"Honestly, People usually",euclid,0.7,1,27,0.73516,0.58691,0.47902
95,"Honestly, People usually",euclid,0.9,1,34,0.90975,0.63172,0.85186
95,"Honestly, People usually",euclid,0.99,1,47,0.99085,0.68244,1.73891
95,"Honestly, People usually",causal_fixed,0.3,1,59,0.30193,0.64848,0.34501
95,"Honestly, People usually",causal_fixed,0.5,1,75,0.50891,0.66127,0.61183
95,"Honestly, People usually",causal_fixed,0.7,1,90,0.70373,0.67119,0.99756
95,"Honestly, People usually",causal_fixed,0.9,1,114,0.90059,0.67382,1.90008
95,"Honestly, People usually",causal_fixed,0.99,1,158,0.99031,0.62909,4.20749
95,"Honestly, People usually",dual,0.3,0,,,,
95,"Honestly, People usually",dual,0.5,0,,,,
95,"Honestly, People usually",dual,0.7,0,,,,
95,"Honestly, People usually",dual,0.9,0,,,,
95,"Honestly, People usually",dual,0.99,0,,,,
145,"At work, They sometimes",euclid,0.3,1,28,0.32603,0.6424,0.25869
145,"At work, They sometimes",euclid,0.5,1,33,0.52144,0.64602,0.34172
145,"At work, They sometimes",euclid,0.7,1,38,0.7084,0.67163,0.42579
145,"At work, They sometimes",euclid,0.9,1,47,0.90896,0.73963,0.61913
145,"At work, They sometimes",euclid,0.99,1,63,0.99106,0.81644,1.14976
145,"At work, They sometimes",causal_fixed,0.3,1,99,0.30218,0.78169,1.05328
145,"At work, They sometimes",causal_fixed,0.5,1,118,0.50048,0.7744,1.5859
145,"At work, They sometimes",causal_fixed,0.7,1,138,0.705,0.76159,2.30442
145,"At work, They sometimes",causal_fixed,0.9,1,169,0.90146,0.73836,3.65266
145,"At work, They sometimes",causal_fixed,0.99,1,223,0.99,0.68461,6.30359
145,"At work, They sometimes",dual,0.3,0,,,,
145,"At work, They sometimes",dual,0.5,0,,,,
145,"At work, They sometimes",dual,0.7,0,,,,
145,"At work, They sometimes",dual,0.9,0,,,,
145,"At work, They sometimes",dual,0.99,0,,,,
26,"Every day, People just",euclid,0.3,1,26,0.3058,0.65596,0.26032
26,"Every day, People just",euclid,0.5,1,31,0.51412,0.64199,0.4597
26,"Every day, People just",euclid,0.7,1,36,0.71808,0.6525,0.75828
26,"Every day, People just",euclid,0.9,1,44,0.91243,0.69531,1.38777
26,"Every day, People just",euclid,0.99,1,57,0.99037,0.74652,2.28869
26,"Every day, People just",causal_fixed,0.3,1,70,0.31099,0.55404,0.99633
26,"Every day, People just",causal_fixed,0.5,1,84,0.5016,0.52981,1.42012
26,"Every day, People just",causal_fixed,0.7,1,100,0.70789,0.52107,1.84708
26,"Every day, People just",causal_fixed,0.9,1,126,0.90359,0.51958,2.37808
26,"Every day, People just",causal_fixed,0.99,1,175,0.99019,0.51781,3.74212
26,"Every day, People just",dual,0.3,0,,,,
26,"Every day, People just",dual,0.5,0,,,,
26,"Every day, People just",dual,0.7,0,,,,
26,"Every day, People just",dual,0.9,0,,,,
26,"Every day, People just",dual,0.99,0,,,,
219,We,euclid,0.3,1,48,0.32484,0.02121,1.93826
219,We,euclid,0.5,1,53,0.54207,0.01959,2.23005
219,We,euclid,0.7,1,57,0.70702,0.02072,2.45101
219,We,euclid,0.9,1,65,0.90711,0.02855,2.8825
219,We,euclid,0.99,1,79,0.99022,0.05621,3.75145
219,We,causal_fixed,0.3,1,151,0.30833,0.0565,3.92155
219,We,causal_fixed,0.5,1,166,0.50228,0.05202,4.80339
219,We,causal_fixed,0.7,1,182,0.70081,0.05275,5.85545
219,We,causal_fixed,0.9,1,209,0.90444,0.06068,7.85183
219,We,causal_fixed,0.99,1,254,0.99037,0.0687,11.70099
219,We,dual,0.3,0,,,,
219,We,dual,0.5,0,,,,
219,We,dual,0.7,0,,,,
219,We,dual,0.9,0,,,,
219,We,dual,0.99,0,,,,
206,The workers never,euclid,0.3,1,22,0.31268,0.1223,0.34285
206,The workers never,euclid,0.5,1,27,0.52401,0.11887,0.42629
206,The workers never,euclid,0.7,1,32,0.72515,0.13536,0.48095
206,The workers never,euclid,0.9,1,40,0.91248,0.20488,0.56013
206,The workers never,euclid,0.99,1,54,0.99065,0.41533,0.95096
206,The workers never,causal_fixed,0.3,1,67,0.30804,0.22281,0.44598
206,The workers never,causal_fixed,0.5,1,82,0.50513,0.2546,0.66279
206,The workers never,causal_fixed,0.7,1,98,0.70246,0.31735,1.01293
206,The workers never,causal_fixed,0.9,1,126,0.90416,0.41515,2.09944
206,The workers never,causal_fixed,0.99,1,175,0.99046,0.40425,5.04046
206,The workers never,dual,0.3,0,,,,
206,The workers never,dual,0.5,0,,,,
206,The workers never,dual,0.7,0,,,,
206,The workers never,dual,0.9,0,,,,
206,The workers never,dual,0.99,0,,,,
41,"Every day, We really",euclid,0.3,1,14,0.31863,0.73013,0.1146
41,"Every day, We really",euclid,0.5,1,19,0.52503,0.73473,0.2501
41,"Every day, We really",euclid,0.7,1,24,0.72323,0.7598,0.44981
41,"Every day, We really",euclid,0.9,1,32,0.9119,0.81483,0.83022
41,"Every day, We really",euclid,0.99,1,46,0.99138,0.87415,1.40452
41,"Every day, We really",causal_fixed,0.3,1,38,0.30089,0.73106,0.17696
41,"Every day, We really",causal_fixed,0.5,1,52,0.50205,0.72374,0.34094
41,"Every day, We really",causal_fixed,0.7,1,66,0.70293,0.73572,0.57544
41,"Every day, We really",causal_fixed,0.9,1,88,0.90081,0.77861,1.0549
41,"Every day, We really",causal_fixed,0.99,1,128,0.9903,0.8386,2.01642
41,"Every day, We really",dual,0.3,0,,,,
41,"Every day, We really",dual,0.5,0,,,,
41,"Every day, We really",dual,0.7,0,,,,
41,"Every day, We really",dual,0.9,0,,,,
41,"Every day, We really",dual,0.99,0,,,,
189,"Every day, People really",euclid,0.3,1,18,0.30922,0.5753,0.15103
189,"Every day, People really",euclid,0.5,1,23,0.50611,0.57087,0.25268
189,"Every day, People really",euclid,0.7,1,28,0.70083,0.58738,0.38021
189,"Every day, People really",euclid,0.9,1,37,0.91164,0.64326,0.68074
189,"Every day, People really",euclid,0.99,1,51,0.99019,0.70306,1.30902
189,"Every day, People really",causal_fixed,0.3,1,54,0.3009,0.58548,0.34078
189,"Every day, People really",causal_fixed,0.5,1,70,0.50435,0.55099,0.57686
189,"Every day, People really",causal_fixed,0.7,1,86,0.7047,0.52869,0.89988
189,"Every day, People really",causal_fixed,0.9,1,112,0.90205,0.50643,1.60921
189,"Every day, People really",causal_fixed,0.99,1,163,0.99037,0.43842,3.53321
189,"Every day, People really",dual,0.3,0,,,,
189,"Every day, People really",dual,0.5,0,,,,
189,"Every day, People really",dual,0.7,0,,,,
189,"Every day, People really",dual,0.9,0,,,,
189,"Every day, People really",dual,0.99,0,,,,
60,"Every day, I rarely",euclid,0.3,1,37,0.33475,0.3529,0.75886
60,"Every day, I rarely",euclid,0.5,1,41,0.52464,0.35509,0.86502
60,"Every day, I rarely",euclid,0.7,1,45,0.70632,0.38578,0.93766
60,"Every day, I rarely",euclid,0.9,1,52,0.90213,0.48729,1.0433
60,"Every day, I rarely",euclid,0.99,1,65,0.99031,0.6645,1.44635
60,"Every day, I rarely",causal_fixed,0.3,1,111,0.30891,0.63748,1.41726
60,"Every day, I rarely",causal_fixed,0.5,1,123,0.5123,0.62686,1.94093
60,"Every day, I rarely",causal_fixed,0.7,1,135,0.70815,0.6187,2.61404
60,"Every day, I rarely",causal_fixed,0.9,1,155,0.90357,0.61348,3.93276
60,"Every day, I rarely",causal_fixed,0.99,1,192,0.9903,0.62452,6.47794
60,"Every day, I rarely",dual,0.3,0,,,,
60,"Every day, I rarely",dual,0.5,0,,,,
60,"Every day, I rarely",dual,0.7,0,,,,
60,"Every day, I rarely",dual,0.9,0,,,,
60,"Every day, I rarely",dual,0.99,0,,,,
23,"At work, You still",euclid,0.3,1,34,0.31622,0.40008,0.40997
23,"At work, You still",euclid,0.5,1,39,0.50484,0.39442,0.48849
23,"At work, You still",euclid,0.7,1,45,0.72477,0.42627,0.55017
23,"At work, You still",euclid,0.9,1,53,0.90317,0.51289,0.62045
23,"At work, You still",euclid,0.99,1,68,0.99002,0.65957,0.92457
23,"At work, You still",causal_fixed,0.3,1,110,0.3012,0.43958,0.8488
23,"At work, You still",causal_fixed,0.5,1,127,0.512,0.39957,1.20479
23,"At work, You still",causal_fixed,0.7,1,143,0.71093,0.38308,1.63191
23,"At work, You still",causal_fixed,0.9,1,168,0.90431,0.36787,2.5076
23,"At work, You still",causal_fixed,0.99,1,212,0.99,0.29321,4.59436
23,"At work, You still",dual,0.3,0,,,,
23,"At work, You still",dual,0.5,0,,,,
23,"At work, You still",dual,0.7,0,,,,
23,"At work, You still",dual,0.9,0,,,,
23,"At work, You still",dual,0.99,0,,,,
147,"At work, People also",euclid,0.3,1,20,0.31494,0.49902,0.18634
147,"At work, People also",euclid,0.5,1,25,0.52035,0.50199,0.29303
147,"At work, People also",euclid,0.7,1,30,0.71942,0.53892,0.42683
147,"At work, People also",euclid,0.9,1,38,0.9106,0.63929,0.69263
147,"At work, People also",euclid,0.99,1,52,0.99135,0.7804,1.26206
147,"At work, People also",causal_fixed,0.3,1,66,0.30393,0.51156,0.3326
147,"At work, People also",causal_fixed,0.5,1,81,0.50513,0.50322,0.52343
147,"At work, People also",causal_fixed,0.7,1,95,0.70112,0.52016,0.8097
147,"At work, People also",causal_fixed,0.9,1,117,0.90303,0.57915,1.50365
147,"At work, People also",causal_fixed,0.99,1,153,0.99024,0.66709,3.09802
147,"At work, People also",dual,0.3,0,,,,
147,"At work, People also",dual,0.5,0,,,,
147,"At work, People also",dual,0.7,0,,,,
147,"At work, People also",dual,0.9,0,,,,
147,"At work, People also",dual,0.99,0,,,,
37,"Every day, Students also",euclid,0.3,1,24,0.32406,0.3724,0.31986
37,"Every day, Students also",euclid,0.5,1,29,0.51273,0.36505,0.45261
37,"Every day, Students also",euclid,0.7,1,35,0.72959,0.38813,0.62024
37,"Every day, Students also",euclid,0.9,1,43,0.90417,0.45606,0.87468
37,"Every day, Students also",euclid,0.99,1,59,0.99125,0.58936,1.59355
37,"Every day, Students also",causal_fixed,0.3,1,84,0.30801,0.36373,0.71375
37,"Every day, Students also",causal_fixed,0.5,1,101,0.50433,0.32375,1.06486
37,"Every day, Students also",causal_fixed,0.7,1,118,0.70911,0.30428,1.51782
37,"Every day, Students also",causal_fixed,0.9,1,142,0.90201,0.30958,2.33472
37,"Every day, Students also",causal_fixed,0.99,1,181,0.99013,0.3659,4.02689
37,"Every day, Students also",dual,0.3,0,,,,
37,"Every day, Students also",dual,0.5,0,,,,
37,"Every day, Students also",dual,0.7,0,,,,
37,"Every day, Students also",dual,0.9,0,,,,
37,"Every day, Students also",dual,0.99,0,,,,
30,"Honestly, The workers rarely",euclid,0.3,1,20,0.3223,0.39397,0.25713
30,"Honestly, The workers rarely",euclid,0.5,1,25,0.54423,0.39226,0.36114
30,"Honestly, The workers rarely",euclid,0.7,1,29,0.71312,0.41681,0.44326
30,"Honestly, The workers rarely",euclid,0.9,1,37,0.91409,0.50691,0.65646
30,"Honestly, The workers rarely",euclid,0.99,1,50,0.99076,0.62685,1.25559
30,"Honestly, The workers rarely",causal_fixed,0.3,1,62,0.30527,0.48902,0.4522
30,"Honestly, The workers rarely",causal_fixed,0.5,1,76,0.50931,0.49097,0.70496
30,"Honestly, The workers rarely",causal_fixed,0.7,1,90,0.7105,0.50791,1.08208
30,"Honestly, The workers rarely",causal_fixed,0.9,1,112,0.9029,0.53313,1.95781
30,"Honestly, The workers rarely",causal_fixed,0.99,1,153,0.99013,0.54321,4.15668
30,"Honestly, The workers rarely",dual,0.3,0,,,,
30,"Honestly, The workers rarely",dual,0.5,0,,,,
30,"Honestly, The workers rarely",dual,0.7,0,,,,
30,"Honestly, The workers rarely",dual,0.9,0,,,,
30,"Honestly, The workers rarely",dual,0.99,0,,,,
122,"At work, We usually",euclid,0.3,1,27,0.31755,0.62399,0.22117
122,"At work, We usually",euclid,0.5,1,32,0.52413,0.62595,0.31792
122,"At work, We usually",euclid,0.7,1,37,0.72259,0.6514,0.43138
122,"At work, We usually",euclid,0.9,1,45,0.91141,0.71277,0.66183
122,"At work, We usually",euclid,0.99,1,59,0.99112,0.78532,1.2135
122,"At work, We usually",causal_fixed,0.3,1,86,0.30696,0.66973,0.50491
122,"At work, We usually",causal_fixed,0.5,1,100,0.50281,0.65984,0.78363
122,"At work, We usually",causal_fixed,0.7,1,114,0.70231,0.66094,1.19127
122,"At work, We usually",causal_fixed,0.9,1,136,0.90185,0.67616,2.07102
122,"At work, We usually",causal_fixed,0.99,1,175,0.99039,0.70553,4.03056
122,"At work, We usually",dual,0.3,0,,,,
122,"At work, We usually",dual,0.5,0,,,,
122,"At work, We usually",dual,0.7,0,,,,
122,"At work, We usually",dual,0.9,0,,,,
122,"At work, We usually",dual,0.99,0,,,,
64,"Honestly, I just",euclid,0.3,1,41,0.32438,0.03725,1.34394
64,"Honestly, I just",euclid,0.5,1,46,0.5382,0.03529,1.53524
64,"Honestly, I just",euclid,0.7,1,51,0.73425,0.03937,1.67454
64,"Honestly, I just",euclid,0.9,1,59,0.91238,0.05737,1.83061
64,"Honestly, I just",euclid,0.99,1,74,0.99057,0.12109,2.23357
64,"Honestly, I just",causal_fixed,0.3,1,137,0.30432,0.18474,2.4739
64,"Honestly, I just",causal_fixed,0.5,1,153,0.50648,0.22856,2.97146
64,"Honestly, I just",causal_fixed,0.7,1,168,0.7005,0.27398,3.61426
64,"Honestly, I just",causal_fixed,0.9,1,192,0.90033,0.31762,5.04226
64,"Honestly, I just",causal_fixed,0.99,1,234,0.9902,0.30875,8.16686
64,"Honestly, I just",dual,0.3,0,,,,
64,"Honestly, I just",dual,0.5,0,,,,
64,"Honestly, I just",dual,0.7,0,,,,
64,"Honestly, I just",dual,0.9,0,,,,
64,"Honestly, I just",dual,0.99,0,,,,
238,"At work, You rarely",euclid,0.3,1,30,0.31037,0.47761,0.37274
238,"At work, You rarely",euclid,0.5,1,35,0.51884,0.46755,0.49059
238,"At work, You rarely",euclid,0.7,1,40,0.7206,0.48674,0.60082
238,"At work, You rarely",euclid,0.9,1,48,0.91191,0.55039,0.79211
238,"At work, You rarely",euclid,0.99,1,62,0.99133,0.63676,1.28469
238,"At work, You rarely",causal_fixed,0.3,1,98,0.30099,0.63727,0.60539
238,"At work, You rarely",causal_fixed,0.5,1,113,0.50121,0.6346,0.88352
238,"At work, You rarely",causal_fixed,0.7,1,128,0.70177,0.64151,1.2849
238,"At work, You rarely",causal_fixed,0.9,1,152,0.90072,0.64313,2.20013
238,"At work, You rarely",causal_fixed,0.99,1,196,0.99008,0.59805,4.4426
238,"At work, You rarely",dual,0.3,0,,,,
238,"At work, You rarely",dual,0.5,0,,,,
238,"At work, You rarely",dual,0.7,0,,,,
238,"At work, You rarely",dual,0.9,0,,,,
238,"At work, You rarely",dual,0.99,0,,,,
163,"At work, People usually",euclid,0.3,1,20,0.31467,0.67631,0.14817
163,"At work, People usually",euclid,0.5,1,25,0.53193,0.68141,0.24496
163,"At work, People usually",euclid,0.7,1,29,0.70141,0.70001,0.3438
163,"At work, People usually",euclid,0.9,1,37,0.90961,0.7538,0.6076
163,"At work, People usually",euclid,0.99,1,50,0.99078,0.81525,1.18872
163,"At work, People usually",causal_fixed,0.3,1,67,0.30676,0.74609,0.32662
163,"At work, People usually",causal_fixed,0.5,1,81,0.50162,0.74226,0.53232
163,"At work, People usually",causal_fixed,0.7,1,95,0.70233,0.74401,0.8636
163,"At work, People usually",causal_fixed,0.9,1,117,0.90423,0.75445,1.63231
163,"At work, People usually",causal_fixed,0.99,1,154,0.99022,0.76384,3.30565
163,"At work, People usually",dual,0.3,0,,,,
163,"At work, People usually",dual,0.5,0,,,,
163,"At work, People usually",dual,0.7,0,,,,
163,"At work, People usually",dual,0.9,0,,,,
163,"At work, People usually",dual,0.99,0,,,,
182,"At work, People never",euclid,0.3,1,19,0.33501,0.51982,0.19669
182,"At work, People never",euclid,0.5,1,23,0.50285,0.51574,0.27099
182,"At work, People never",euclid,0.7,1,28,0.70701,0.54004,0.36606
182,"At work, People never",euclid,0.9,1,36,0.90584,0.61966,0.55323
182,"At work, People never",euclid,0.99,1,50,0.99038,0.73585,1.07477
182,"At work, People never",causal_fixed,0.3,1,60,0.30027,0.62656,0.31731
182,"At work, People never",causal_fixed,0.5,1,77,0.51263,0.65233,0.55483
182,"At work, People never",causal_fixed,0.7,1,93,0.70238,0.69465,0.89873
182,"At work, People never",causal_fixed,0.9,1,122,0.90084,0.75712,1.82208
182,"At work, People never",causal_fixed,0.99,1,179,0.99035,0.76709,4.32203
182,"At work, People never",dual,0.3,0,,,,
182,"At work, People never",dual,0.5,0,,,,
182,"At work, People never",dual,0.7,0,,,,
182,"At work, People never",dual,0.9,0,,,,
182,"At work, People never",dual,0.99,0,,,,
165,"Honestly, They usually",euclid,0.3,1,34,0.32888,0.38526,0.50543
165,"Honestly, They usually",euclid,0.5,1,39,0.52012,0.39248,0.64675
165,"Honestly, They usually",euclid,0.7,1,44,0.70273,0.42305,0.798
165,"Honestly, They usually",euclid,0.9,1,53,0.9023,0.50861,1.1395
165,"Honestly, They usually",euclid,0.99,1,70,0.99045,0.62764,2.08386
165,"Honestly, They usually",causal_fixed,0.3,1,123,0.30084,0.61701,1.72802
165,"Honestly, They usually",causal_fixed,0.5,1,144,0.50686,0.58613,2.53026
165,"Honestly, They usually",causal_fixed,0.7,1,164,0.70602,0.54307,3.49458
165,"Honestly, They usually",causal_fixed,0.9,1,194,0.9012,0.48021,5.23621
165,"Honestly, They usually",causal_fixed,0.99,1,245,0.99046,0.40293,8.6182
165,"Honestly, They usually",dual,0.3,0,,,,
165,"Honestly, They usually",dual,0.5,0,,,,
165,"Honestly, They usually",dual,0.7,0,,,,
165,"Honestly, They usually",dual,0.9,0,,,,
165,"Honestly, They usually",dual,0.99,0,,,,
146,"At work, The workers never",euclid,0.3,1,23,0.32568,0.26998,0.35941
146,"At work, The workers never",euclid,0.5,1,28,0.52854,0.26583,0.45011
146,"At work, The workers never",euclid,0.7,1,33,0.72086,0.2925,0.51063
146,"At work, The workers never",euclid,0.9,1,41,0.90569,0.38753,0.6062
146,"At work, The workers never",euclid,0.99,1,56,0.9903,0.59511,1.07129
146,"At work, The workers never",causal_fixed,0.3,1,75,0.30763,0.42315,0.58136
146,"At work, The workers never",causal_fixed,0.5,1,92,0.50798,0.46224,0.89602
146,"At work, The workers never",causal_fixed,0.7,1,110,0.70749,0.51735,1.39591
146,"At work, The workers never",causal_fixed,0.9,1,139,0.90105,0.55917,2.61545
146,"At work, The workers never",causal_fixed,0.99,1,190,0.99006,0.53483,5.44744
146,"At work, The workers never",dual,0.3,0,,,,
146,"At work, The workers never",dual,0.5,0,,,,
146,"At work, The workers never",dual,0.7,0,,,,
146,"At work, The workers never",dual,0.9,0,,,,
146,"At work, The workers never",dual,0.99,0,,,,
43,People usually,euclid,0.3,1,40,0.33466,0.58144,0.55051
43,People usually,euclid,0.5,1,44,0.5281,0.58984,0.68657
43,People usually,euclid,0.7,1,48,0.71228,0.61822,0.83957
43,People usually,euclid,0.9,1,55,0.90706,0.68651,1.17307
43,People usually,euclid,0.99,1,68,0.99138,0.76621,2.00444
43,People usually,causal_fixed,0.3,1,135,0.30287,0.70979,2.00049
43,People usually,causal_fixed,0.5,1,149,0.50206,0.63953,2.66187
43,People usually,causal_fixed,0.7,1,164,0.71072,0.56277,3.55873
43,People usually,causal_fixed,0.9,1,187,0.90476,0.47303,5.18175
43,People usually,causal_fixed,0.99,1,227,0.99026,0.36372,8.34402
43,People usually,dual,0.3,0,,,,
43,People usually,dual,0.5,0,,,,
43,People usually,dual,0.7,0,,,,
43,People usually,dual,0.9,0,,,,
43,People usually,dual,0.99,0,,,,
230,"Every day, Many people never",euclid,0.3,1,23,0.31872,0.4682,0.27986
230,"Every day, Many people never",euclid,0.5,1,28,0.52786,0.46649,0.41359
230,"Every day, Many people never",euclid,0.7,1,33,0.72674,0.49219,0.56488
230,"Every day, Many people never",euclid,0.9,1,41,0.91303,0.56175,0.8597
230,"Every day, Many people never",euclid,0.99,1,55,0.99093,0.65107,1.56333
230,"Every day, Many people never",causal_fixed,0.3,1,75,0.30339,0.5486,0.52648
230,"Every day, Many people never",causal_fixed,0.5,1,91,0.50844,0.55185,0.86214
230,"Every day, Many people never",causal_fixed,0.7,1,107,0.70544,0.56789,1.33855
230,"Every day, Many people never",causal_fixed,0.9,1,134,0.90083,0.58768,2.43719
230,"Every day, Many people never",causal_fixed,0.99,1,186,0.9901,0.56846,5.1624
230,"Every day, Many people never",dual,0.3,0,,,,
230,"Every day, Many people never",dual,0.5,0,,,,
230,"Every day, Many people never",dual,0.7,0,,,,
230,"Every day, Many people never",dual,0.9,0,,,,
230,"Every day, Many people never",dual,0.99,0,,,,
286,The workers sometimes,euclid,0.3,1,36,0.32089,0.10515,1.02442
286,The workers sometimes,euclid,0.5,1,41,0.52842,0.10159,1.15979
286,The workers sometimes,euclid,0.7,1,46,0.72483,0.11465,1.23023
286,The workers sometimes,euclid,0.9,1,54,0.91003,0.17205,1.26933
286,The workers sometimes,euclid,0.99,1,69,0.99141,0.38335,1.49312
286,The workers sometimes,causal_fixed,0.3,1,115,0.30767,0.17398,1.6593
286,The workers sometimes,causal_fixed,0.5,1,131,0.51242,0.18208,2.07388
286,The workers sometimes,causal_fixed,0.7,1,147,0.71056,0.2097,2.57324
286,The workers sometimes,causal_fixed,0.9,1,172,0.90136,0.25804,3.64986
286,The workers sometimes,causal_fixed,0.99,1,217,0.99004,0.2374,6.47498
286,The workers sometimes,dual,0.3,0,,,,
286,The workers sometimes,dual,0.5,0,,,,
286,The workers sometimes,dual,0.7,0,,,,
286,The workers sometimes,dual,0.9,0,,,,
286,The workers sometimes,dual,0.99,0,,,,
186,The workers rarely,euclid,0.3,1,31,0.32831,0.12778,0.78208
186,The workers rarely,euclid,0.5,1,35,0.50317,0.12381,0.87512
186,The workers rarely,euclid,0.7,1,40,0.7141,0.13845,0.93031
186,The workers rarely,euclid,0.9,1,48,0.91182,0.20835,0.94535
186,The workers rarely,euclid,0.99,1,62,0.99124,0.43144,1.14874
186,The workers rarely,causal_fixed,0.3,1,101,0.30893,0.26416,1.16372
186,The workers rarely,causal_fixed,0.5,1,116,0.5021,0.28529,1.49496
186,The workers rarely,causal_fixed,0.7,1,132,0.70159,0.32015,1.99442
186,The workers rarely,causal_fixed,0.9,1,158,0.90083,0.34364,3.23475
186,The workers rarely,causal_fixed,0.99,1,204,0.99034,0.29353,6.19348
186,The workers rarely,dual,0.3,0,,,,
186,The workers rarely,dual,0.5,0,,,,
186,The workers rarely,dual,0.7,0,,,,
186,The workers rarely,dual,0.9,0,,,,
186,The workers rarely,dual,0.99,0,,,,
25,"At work, We",euclid,0.3,1,41,0.33251,0.09885,0.9307
25,"At work, We",euclid,0.5,1,46,0.53078,0.09792,1.05055
25,"At work, We",euclid,0.7,1,51,0.71981,0.11147,1.12723
25,"At work, We",euclid,0.9,1,59,0.9051,0.16731,1.19211
25,"At work, We",euclid,0.99,1,74,0.99104,0.38136,1.42515
25,"At work, We",causal_fixed,0.3,1,125,0.30201,0.06445,2.31266
25,"At work, We",causal_fixed,0.5,1,139,0.51228,0.05069,2.91232
25,"At work, We",causal_fixed,0.7,1,152,0.71106,0.04722,3.50419
25,"At work, We",causal_fixed,0.9,1,172,0.90426,0.05486,4.45329
25,"At work, We",causal_fixed,0.99,1,207,0.99018,0.09757,6.18551
25,"At work, We",dual,0.3,0,,,,
25,"At work, We",dual,0.5,0,,,,
25,"At work, We",dual,0.7,0,,,,
25,"At work, We",dual,0.9,0,,,,
25,"At work, We",dual,0.99,0,,,,
22,"At work, They also",euclid,0.3,1,32,0.31796,0.23952,0.54832
22,"At work, They also",euclid,0.5,1,37,0.50023,0.23044,0.61691
22,"At work, They also",euclid,0.7,1,43,0.71344,0.25226,0.63055
22,"At work, They also",euclid,0.9,1,52,0.90582,0.34607,0.58326
22,"At work, They also",euclid,0.99,1,68,0.99008,0.59458,0.6741
22,"At work, They also",causal_fixed,0.3,1,115,0.30232,0.31982,1.0323
22,"At work, They also",causal_fixed,0.5,1,136,0.50429,0.33711,1.40326
22,"At work, They also",causal_fixed,0.7,1,157,0.70374,0.38094,1.90021
22,"At work, They also",causal_fixed,0.9,1,190,0.90242,0.4328,3.08626
22,"At work, They also",causal_fixed,0.99,1,245,0.99034,0.39574,5.90514
22,"At work, They also",dual,0.3,0,,,,
22,"At work, They also",dual,0.5,0,,,,
22,"At work, They also",dual,0.7,0,,,,
22,"At work, They also",dual,0.9,0,,,,
22,"At work, They also",dual,0.99,0,,,,
298,"Every day, Many people still",euclid,0.3,1,24,0.32822,0.53531,0.25801
298,"Every day, Many people still",euclid,0.5,1,28,0.50487,0.5428,0.37978
298,"Every day, Many people still",euclid,0.7,1,33,0.71892,0.5734,0.57531
298,"Every day, Many people still",euclid,0.9,1,40,0.90255,0.63368,0.9299
298,"Every day, Many people still",euclid,0.99,1,53,0.99014,0.71157,1.77526
298,"Every day, Many people still",causal_fixed,0.3,1,71,0.30746,0.54606,0.59574
298,"Every day, Many people still",causal_fixed,0.5,1,84,0.51016,0.54415,0.90955
298,"Every day, Many people still",causal_fixed,0.7,1,97,0.7119,0.55772,1.33768
298,"Every day, Many people still",causal_fixed,0.9,1,117,0.9039,0.58674,2.19576
298,"Every day, Many people still",causal_fixed,0.99,1,153,0.99011,0.58788,4.06366
298,"Every day, Many people still",dual,0.3,0,,,,
298,"Every day, Many people still",dual,0.5,0,,,,
298,"Every day, Many people still",dual,0.7,0,,,,
298,"Every day, Many people still",dual,0.9,0,,,,
298,"Every day, Many people still",dual,0.99,0,,,,
259,"Honestly, Many people sometimes",euclid,0.3,1,16,0.33448,0.52011,0.15625
259,"Honestly, Many people sometimes",euclid,0.5,1,20,0.504,0.52826,0.26457
259,"Honestly, Many people sometimes",euclid,0.7,1,25,0.7098,0.55352,0.45261
259,"Honestly, Many people sometimes",euclid,0.9,1,33,0.90846,0.60666,0.87434
259,"Honestly, Many people sometimes",euclid,0.99,1,47,0.9912,0.66384,1.84256
259,"Honestly, Many people sometimes",causal_fixed,0.3,1,54,0.31009,0.57361,0.33066
259,"Honestly, Many people sometimes",causal_fixed,0.5,1,70,0.50573,0.56491,0.61129
259,"Honestly, Many people sometimes",causal_fixed,0.7,1,86,0.70091,0.55457,1.02
259,"Honestly, Many people sometimes",causal_fixed,0.9,1,113,0.90409,0.53376,1.99463
259,"Honestly, Many people sometimes",causal_fixed,0.99,1,162,0.99009,0.48013,4.41682
259,"Honestly, Many people sometimes",dual,0.3,0,,,,
259,"Honestly, Many people sometimes",dual,0.5,0,,,,
259,"Honestly, Many people sometimes",dual,0.7,0,,,,
259,"Honestly, Many people sometimes",dual,0.9,0,,,,
259,"Honestly, Many people sometimes",dual,0.99,0,,,,
185,"Honestly, Students still",euclid,0.3,1,22,0.30376,0.43387,0.22843
185,"Honestly, Students still",euclid,0.5,1,27,0.50641,0.43152,0.33582
185,"Honestly, Students still",euclid,0.7,1,32,0.707,0.45746,0.45704
185,"Honestly, Students still",euclid,0.9,1,40,0.90461,0.53267,0.70456
185,"Honestly, Students still",euclid,0.99,1,54,0.99048,0.63214,1.35596
185,"Honestly, Students still",causal_fixed,0.3,1,72,0.30848,0.47781,0.45554
185,"Honestly, Students still",causal_fixed,0.5,1,87,0.50758,0.47038,0.68789
185,"Honestly, Students still",causal_fixed,0.7,1,102,0.70957,0.48466,1.0072
185,"Honestly, Students still",causal_fixed,0.9,1,124,0.90055,0.52411,1.6647
185,"Honestly, Students still",causal_fixed,0.99,1,163,0.99015,0.54013,3.31795
185,"Honestly, Students still",dual,0.3,0,,,,
185,"Honestly, Students still",dual,0.5,0,,,,
185,"Honestly, Students still",dual,0.7,0,,,,
185,"Honestly, Students still",dual,0.9,0,,,,
185,"Honestly, Students still",dual,0.99,0,,,,
258,You usually,euclid,0.3,1,50,0.33033,0.14309,1.29922
258,You usually,euclid,0.5,1,55,0.54103,0.15008,1.39932
258,You usually,euclid,0.7,1,59,0.70117,0.17266,1.42459
258,You usually,euclid,0.9,1,67,0.90057,0.26535,1.41404
258,You usually,euclid,0.99,1,82,0.99038,0.50676,1.70111
258,You usually,causal_fixed,0.3,1,154,0.30774,0.61291,2.06001
258,You usually,causal_fixed,0.5,1,167,0.5012,0.57445,2.70998
258,You usually,causal_fixed,0.7,1,181,0.70735,0.53386,3.57547
258,You usually,causal_fixed,0.9,1,203,0.90512,0.4941,5.13358
258,You usually,causal_fixed,0.99,1,241,0.99001,0.46385,7.94033
258,You usually,dual,0.3,0,,,,
258,You usually,dual,0.5,0,,,,
258,You usually,dual,0.7,0,,,,
258,You usually,dual,0.9,0,,,,
258,You usually,dual,0.99,0,,,,
115,"At work, They never",euclid,0.3,1,26,0.31621,0.20886,0.4408
115,"At work, They never",euclid,0.5,1,32,0.53547,0.21247,0.52537
115,"At work, They never",euclid,0.7,1,37,0.70761,0.24205,0.5594
115,"At work, They never",euclid,0.9,1,47,0.91026,0.36888,0.64259
115,"At work, They never",euclid,0.99,1,64,0.99046,0.64412,1.19853
115,"At work, They never",causal_fixed,0.3,1,97,0.30609,0.57398,1.17092
115,"At work, They never",causal_fixed,0.5,1,117,0.50938,0.66499,1.73169
115,"At work, They never",causal_fixed,0.7,1,136,0.70528,0.73058,2.46039
115,"At work, They never",causal_fixed,0.9,1,166,0.90343,0.77114,3.96487
115,"At work, They never",causal_fixed,0.99,1,216,0.99023,0.76993,6.91733
115,"At work, They never",dual,0.3,0,,,,
115,"At work, They never",dual,0.5,0,,,,
115,"At work, They never",dual,0.7,0,,,,
115,"At work, They never",dual,0.9,0,,,,
115,"At work, They never",dual,0.99,0,,,,
249,"At work, The workers usually",euclid,0.3,1,26,0.33418,0.49181,0.28695
249,"At work, The workers usually",euclid,0.5,1,31,0.53462,0.49092,0.3851
249,"At work, The workers usually",euclid,0.7,1,36,0.72427,0.51942,0.48112
249,"At work, The workers usually",euclid,0.9,1,44,0.90764,0.60144,0.66276
249,"At work, The workers usually",euclid,0.99,1,59,0.99129,0.73196,1.19973
249,"At work, The workers usually",causal_fixed,0.3,1,81,0.30226,0.59429,0.4606
249,"At work, The workers usually",causal_fixed,0.5,1,97,0.50819,0.59549,0.68199
249,"At work, The workers usually",causal_fixed,0.7,1,112,0.7021,0.61383,0.99347
249,"At work, The workers usually",causal_fixed,0.9,1,137,0.90376,0.65077,1.76081
249,"At work, The workers usually",causal_fixed,0.99,1,181,0.99051,0.65701,3.64339
249,"At work, The workers usually",dual,0.3,0,,,,
249,"At work, The workers usually",dual,0.5,0,,,,
249,"At work, The workers usually",dual,0.7,0,,,,
249,"At work, The workers usually",dual,0.9,0,,,,
249,"At work, The workers usually",dual,0.99,0,,,,
4,"At work, You",euclid,0.3,1,43,0.32591,0.03958,0.66945
4,"At work, You",euclid,0.5,1,48,0.51028,0.03966,0.77486
4,"At work, You",euclid,0.7,1,54,0.72358,0.04704,0.88923
4,"At work, You",euclid,0.9,1,63,0.91226,0.0769,1.05754
4,"At work, You",euclid,0.99,1,78,0.99028,0.18673,1.50746
4,"At work, You",causal_fixed,0.3,1,128,0.30856,0.07431,1.95491
4,"At work, You",causal_fixed,0.5,1,143,0.50513,0.06845,2.48449
4,"At work, You",causal_fixed,0.7,1,158,0.70139,0.07118,3.08291
4,"At work, You",causal_fixed,0.9,1,183,0.90435,0.09174,4.23815
4,"At work, You",causal_fixed,0.99,1,226,0.99023,0.14112,6.72751
4,"At work, You",dual,0.3,0,,,,
4,"At work, You",dual,0.5,0,,,,
4,"At work, You",dual,0.7,0,,,,
4,"At work, You",dual,0.9,0,,,,
4,"At work, You",dual,0.99,0,,,,
231,You rarely,euclid,0.3,1,46,0.31359,0.26889,1.17855
231,You rarely,euclid,0.5,1,51,0.53503,0.26831,1.31508
231,You rarely,euclid,0.7,1,55,0.70479,0.29483,1.34936
231,You rarely,euclid,0.9,1,63,0.90897,0.40517,1.29477
231,You rarely,euclid,0.99,1,77,0.99093,0.61226,1.34823
231,You rarely,causal_fixed,0.3,1,146,0.31037,0.62908,1.64027
231,You rarely,causal_fixed,0.5,1,159,0.51183,0.61803,2.0875
231,You rarely,causal_fixed,0.7,1,172,0.7102,0.61136,2.63935
231,You rarely,causal_fixed,0.9,1,192,0.90018,0.6087,3.6408
231,You rarely,causal_fixed,0.99,1,230,0.99036,0.61079,5.72657
231,You rarely,dual,0.3,0,,,,
231,You rarely,dual,0.5,0,,,,
231,You rarely,dual,0.7,0,,,,
231,You rarely,dual,0.9,0,,,,
231,You rarely,dual,0.99,0,,,,
103,They still,euclid,0.3,1,41,0.33153,0.20044,0.9826
103,They still,euclid,0.5,1,45,0.50058,0.19493,1.08602
103,They still,euclid,0.7,1,50,0.7059,0.21223,1.15217
103,They still,euclid,0.9,1,58,0.90491,0.28892,1.17723
103,They still,euclid,0.99,1,73,0.99132,0.48556,1.40369
103,They still,causal_fixed,0.3,1,134,0.3054,0.35891,1.82105
103,They still,causal_fixed,0.5,1,150,0.50569,0.33802,2.4372
103,They still,causal_fixed,0.7,1,167,0.71006,0.31574,3.26097
103,They still,causal_fixed,0.9,1,193,0.90083,0.2684,4.80085
103,They still,causal_fixed,0.99,1,240,0.99014,0.17809,7.99565
103,They still,dual,0.3,0,,,,
103,They still,dual,0.5,0,,,,
103,They still,dual,0.7,0,,,,
103,They still,dual,0.9,0,,,,
103,They still,dual,0.99,0,,,,
88,"Honestly, We usually",euclid,0.3,1,31,0.3183,0.32889,0.45305
88,"Honestly, We usually",euclid,0.5,1,36,0.52903,0.33347,0.58941
88,"Honestly, We usually",euclid,0.7,1,41,0.72896,0.36784,0.72839
88,"Honestly, We usually",euclid,0.9,1,48,0.90035,0.449,0.96156
88,"Honestly, We usually",euclid,0.99,1,63,0.99132,0.60257,1.73874
88,"Honestly, We usually",causal_fixed,0.3,1,100,0.30086,0.5623,0.85157
88,"Honestly, We usually",causal_fixed,0.5,1,114,0.50586,0.58866,1.22516
88,"Honestly, We usually",causal_fixed,0.7,1,127,0.70038,0.63114,1.72272
88,"Honestly, We usually",causal_fixed,0.9,1,149,0.90535,0.70909,2.8871
88,"Honestly, We usually",causal_fixed,0.99,1,187,0.9902,0.78657,5.39269
88,"Honestly, We usually",dual,0.3,0,,,,
88,"Honestly, We usually",dual,0.5,0,,,,
88,"Honestly, We usually",dual,0.7,0,,,,
88,"Honestly, We usually",dual,0.9,0,,,,
88,"Honestly, We usually",dual,0.99,0,,,,
