level,a,b,metric,n_paired,diff_mean,diff_lo,diff_hi,frac_ctx_b_better,is_primary,ci_type
0.3,euc_ctx,cau_ctx,kl,0,nan,nan,nan,,0,cluster
0.3,euc_ctx,cau_ctx,kl99,0,nan,nan,nan,,0,cluster
0.3,euc_ctx,cau_ctx,rd,0,nan,nan,nan,,0,cluster
0.3,euc_ctx,cau_ctx,cf,0,nan,nan,nan,,0,cluster
0.3,euc_ctx,dua_ctx,kl,60,0.358,0.28018,0.41957,0.9833,0,cluster
0.3,euc_ctx,dua_ctx,kl99,60,0.3595,0.28224,0.4259,0.9833,0,cluster
0.3,euc_ctx,dua_ctx,rd,60,0.08784,0.06562,0.10987,0.9833,0,cluster
0.3,euc_ctx,dua_ctx,cf,60,-0.18051,-0.19874,-0.16024,1.0,0,cluster
0.3,cau_ctx,dua_ctx,kl,0,nan,nan,nan,,0,cluster
0.3,cau_ctx,dua_ctx,kl99,0,nan,nan,nan,,0,cluster
0.3,cau_ctx,dua_ctx,rd,0,nan,nan,nan,,0,cluster
0.3,cau_ctx,dua_ctx,cf,0,nan,nan,nan,,0,cluster
0.3,euc_unemb,cau_unemb,kl,60,0.60429,0.51706,0.67141,1.0,0,cluster
0.3,euc_unemb,cau_unemb,kl99,60,0.60057,0.51585,0.66963,1.0,0,cluster
0.3,euc_unemb,cau_unemb,rd,60,0.01659,0.0059,0.02761,0.6833,0,cluster
0.3,euc_unemb,cau_unemb,cf,60,0.0504,0.02653,0.07164,0.3167,0,cluster
0.3,euc_unemb,dua_unemb,kl,60,0.49218,0.31208,0.64368,0.8167,0,cluster
0.3,euc_unemb,dua_unemb,kl99,60,0.49489,0.32331,0.64002,0.8167,0,cluster
0.3,euc_unemb,dua_unemb,rd,60,0.0548,0.03736,0.07863,0.9,0,cluster
0.3,euc_unemb,dua_unemb,cf,60,-0.24333,-0.26838,-0.21984,1.0,0,cluster
0.3,cau_unemb,dua_unemb,kl,60,-0.11211,-0.21924,-0.0064,0.3167,0,cluster
0.3,cau_unemb,dua_unemb,kl99,60,-0.10568,-0.21082,0.00056,0.3167,0,cluster
0.3,cau_unemb,dua_unemb,rd,60,0.03821,0.01722,0.06294,0.6833,0,cluster
0.3,cau_unemb,dua_unemb,cf,60,-0.29373,-0.3177,-0.26805,1.0,0,cluster
0.3,euc_dmd,cau_dmd,kl,60,0.43821,0.361,0.50137,0.9667,0,cluster
0.3,euc_dmd,cau_dmd,kl99,60,0.43371,0.35766,0.49391,0.9667,0,cluster
0.3,euc_dmd,cau_dmd,rd,60,0.00088,-0.00666,0.00888,0.65,0,cluster
0.3,euc_dmd,cau_dmd,cf,60,0.03975,0.0215,0.05979,0.2833,0,cluster
0.3,euc_dmd,dua_dmd,kl,60,0.57219,0.39841,0.71392,0.9167,0,cluster
0.3,euc_dmd,dua_dmd,kl99,60,0.57376,0.40539,0.72933,0.9167,0,cluster
0.3,euc_dmd,dua_dmd,rd,60,0.07096,0.0517,0.09122,0.9167,0,cluster
0.3,euc_dmd,dua_dmd,cf,60,-0.2806,-0.30249,-0.25435,1.0,0,cluster
0.3,cau_dmd,dua_dmd,kl,60,0.13398,0.00679,0.26525,0.6333,0,cluster
0.3,cau_dmd,dua_dmd,kl99,60,0.14005,0.01237,0.26327,0.6667,0,cluster
0.3,cau_dmd,dua_dmd,rd,60,0.07008,0.04714,0.09238,0.85,0,cluster
0.3,cau_dmd,dua_dmd,cf,60,-0.32034,-0.34745,-0.28781,1.0,0,cluster
0.3,euc_ctx,euc_unemb,kl,60,-0.4004,-0.48189,-0.30748,0.1167,0,cluster
0.3,euc_ctx,euc_unemb,kl99,60,-0.39659,-0.47604,-0.30806,0.1167,0,cluster
0.3,euc_ctx,euc_unemb,rd,60,-0.01268,-0.0245,-0.00171,0.4167,0,cluster
0.3,euc_ctx,euc_unemb,cf,60,-0.05354,-0.07518,-0.0301,0.65,0,cluster
0.3,euc_ctx,euc_dmd,kl,60,-0.4832,-0.56919,-0.37821,0.0333,0,cluster
0.3,euc_ctx,euc_dmd,kl99,60,-0.47814,-0.56363,-0.36866,0.0333,0,cluster
0.3,euc_ctx,euc_dmd,rd,60,-0.01602,-0.02229,-0.00901,0.3167,0,cluster
0.3,euc_ctx,euc_dmd,cf,60,-0.01012,-0.02497,0.00641,0.5167,0,cluster
0.3,euc_unemb,euc_dmd,kl,60,-0.0828,-0.13814,-0.03746,0.2333,0,cluster
0.3,euc_unemb,euc_dmd,kl99,60,-0.08154,-0.1366,-0.03659,0.2333,0,cluster
0.3,euc_unemb,euc_dmd,rd,60,-0.00333,-0.01154,0.00729,0.3167,0,cluster
0.3,euc_unemb,euc_dmd,cf,60,0.04342,0.03233,0.05263,0.05,0,cluster
0.3,cau_ctx,cau_unemb,kl,0,nan,nan,nan,,0,cluster
0.3,cau_ctx,cau_unemb,kl99,0,nan,nan,nan,,0,cluster
0.3,cau_ctx,cau_unemb,rd,0,nan,nan,nan,,0,cluster
0.3,cau_ctx,cau_unemb,cf,0,nan,nan,nan,,0,cluster
0.3,cau_ctx,cau_dmd,kl,0,nan,nan,nan,,0,cluster
0.3,cau_ctx,cau_dmd,kl99,0,nan,nan,nan,,0,cluster
0.3,cau_ctx,cau_dmd,rd,0,nan,nan,nan,,0,cluster
0.3,cau_ctx,cau_dmd,cf,0,nan,nan,nan,,0,cluster
0.3,cau_unemb,cau_dmd,kl,60,-0.24887,-0.30657,-0.19637,0.0,0,cluster
0.3,cau_unemb,cau_dmd,kl99,60,-0.24841,-0.30784,-0.19395,0.0,0,cluster
0.3,cau_unemb,cau_dmd,rd,60,-0.01905,-0.0284,-0.01128,0.1333,0,cluster
0.3,cau_unemb,cau_dmd,cf,60,0.03277,0.02952,0.03566,0.0,0,cluster
0.3,dua_ctx,dua_unemb,kl,60,-0.26622,-0.31429,-0.21625,0.05,0,cluster
0.3,dua_ctx,dua_unemb,kl99,60,-0.2612,-0.30477,-0.21299,0.05,0,cluster
0.3,dua_ctx,dua_unemb,rd,60,-0.04573,-0.05421,-0.03502,0.0833,0,cluster
0.3,dua_ctx,dua_unemb,cf,60,-0.11636,-0.13224,-0.09833,0.9667,0,cluster
0.3,dua_ctx,dua_dmd,kl,60,-0.269,-0.31463,-0.21124,0.1,0,cluster
0.3,dua_ctx,dua_dmd,kl99,60,-0.26388,-0.30916,-0.21091,0.1,0,cluster
0.3,dua_ctx,dua_dmd,rd,60,-0.0329,-0.03937,-0.02499,0.1,0,cluster
0.3,dua_ctx,dua_dmd,cf,60,-0.1102,-0.1279,-0.09052,0.9333,0,cluster
0.3,dua_unemb,dua_dmd,kl,60,-0.00278,-0.04396,0.05171,0.2833,0,cluster
0.3,dua_unemb,dua_dmd,kl99,60,-0.00268,-0.04253,0.05134,0.2833,0,cluster
0.3,dua_unemb,dua_dmd,rd,60,0.01282,0.00304,0.02225,0.7,0,cluster
0.3,dua_unemb,dua_dmd,cf,60,0.00615,-0.0044,0.02144,0.45,0,cluster
0.5,euc_ctx,cau_ctx,kl,0,nan,nan,nan,,0,cluster
0.5,euc_ctx,cau_ctx,kl99,0,nan,nan,nan,,0,cluster
0.5,euc_ctx,cau_ctx,rd,0,nan,nan,nan,,0,cluster
0.5,euc_ctx,cau_ctx,cf,0,nan,nan,nan,,0,cluster
0.5,euc_ctx,dua_ctx,kl,60,0.24941,0.17021,0.31812,0.8667,0,cluster
0.5,euc_ctx,dua_ctx,kl99,60,0.25308,0.17512,0.3256,0.8667,0,cluster
0.5,euc_ctx,dua_ctx,rd,60,0.08455,0.05897,0.10804,0.9667,0,cluster
0.5,euc_ctx,dua_ctx,cf,60,-0.17409,-0.19269,-0.1536,1.0,0,cluster
0.5,cau_ctx,dua_ctx,kl,0,nan,nan,nan,,0,cluster
0.5,cau_ctx,dua_ctx,kl99,0,nan,nan,nan,,0,cluster
0.5,cau_ctx,dua_ctx,rd,0,nan,nan,nan,,0,cluster
0.5,cau_ctx,dua_ctx,cf,0,nan,nan,nan,,0,cluster
0.5,euc_unemb,cau_unemb,kl,60,0.7133,0.66418,0.76073,1.0,0,cluster
0.5,euc_unemb,cau_unemb,kl99,60,0.70774,0.66226,0.75151,1.0,0,cluster
0.5,euc_unemb,cau_unemb,rd,60,0.01587,0.00346,0.0305,0.6167,0,cluster
0.5,euc_unemb,cau_unemb,cf,60,0.08932,0.06973,0.10683,0.05,0,cluster
0.5,euc_unemb,dua_unemb,kl,60,0.66292,0.56959,0.75127,1.0,0,cluster
0.5,euc_unemb,dua_unemb,kl99,60,0.66368,0.57011,0.74892,1.0,0,cluster
0.5,euc_unemb,dua_unemb,rd,60,0.05972,0.03749,0.08403,0.95,0,cluster
0.5,euc_unemb,dua_unemb,cf,60,-0.21059,-0.23387,-0.18524,1.0,0,cluster
0.5,cau_unemb,dua_unemb,kl,60,-0.05038,-0.16706,0.05885,0.3333,0,cluster
0.5,cau_unemb,dua_unemb,kl99,60,-0.04406,-0.1631,0.06973,0.35,0,cluster
0.5,cau_unemb,dua_unemb,rd,60,0.04385,0.02164,0.06814,0.75,0,cluster
0.5,cau_unemb,dua_unemb,cf,60,-0.29991,-0.3224,-0.27611,1.0,0,cluster
0.5,euc_dmd,cau_dmd,kl,60,0.45553,0.38521,0.51453,0.9833,0,cluster
0.5,euc_dmd,cau_dmd,kl99,60,0.44967,0.38347,0.50881,0.9833,0,cluster
0.5,euc_dmd,cau_dmd,rd,60,0.00576,-0.0014,0.01292,0.55,0,cluster
0.5,euc_dmd,cau_dmd,cf,60,0.07295,0.05744,0.08933,0.0333,0,cluster
0.5,euc_dmd,dua_dmd,kl,60,0.67757,0.55746,0.78651,1.0,0,cluster
0.5,euc_dmd,dua_dmd,kl99,60,0.67772,0.55444,0.78962,1.0,0,cluster
0.5,euc_dmd,dua_dmd,rd,60,0.07704,0.05554,0.09796,0.95,0,cluster
0.5,euc_dmd,dua_dmd,cf,60,-0.26406,-0.28839,-0.23372,1.0,0,cluster
0.5,cau_dmd,dua_dmd,kl,60,0.22204,0.05913,0.38731,0.75,0,cluster
0.5,cau_dmd,dua_dmd,kl99,60,0.22804,0.07458,0.39155,0.75,0,cluster
0.5,cau_dmd,dua_dmd,rd,60,0.07127,0.05072,0.09021,0.8667,0,cluster
0.5,cau_dmd,dua_dmd,cf,60,-0.33701,-0.36046,-0.31151,1.0,0,cluster
0.5,euc_ctx,euc_unemb,kl,60,-0.49435,-0.56096,-0.42946,0.0,0,cluster
0.5,euc_ctx,euc_unemb,kl99,60,-0.48898,-0.55533,-0.42406,0.0,0,cluster
0.5,euc_ctx,euc_unemb,rd,60,-0.01316,-0.02609,-0.00078,0.4,0,cluster
0.5,euc_ctx,euc_unemb,cf,60,-0.08608,-0.10439,-0.06508,0.8667,0,cluster
0.5,euc_ctx,euc_dmd,kl,60,-0.5428,-0.60316,-0.47964,0.0,0,cluster
0.5,euc_ctx,euc_dmd,kl99,60,-0.5362,-0.59573,-0.47609,0.0,0,cluster
0.5,euc_ctx,euc_dmd,rd,60,-0.01806,-0.02565,-0.01014,0.35,0,cluster
0.5,euc_ctx,euc_dmd,cf,60,-0.0353,-0.05302,-0.01714,0.7,0,cluster
0.5,euc_unemb,euc_dmd,kl,60,-0.04845,-0.10953,0.01185,0.4,0,cluster
0.5,euc_unemb,euc_dmd,kl99,60,-0.04722,-0.10878,0.01113,0.4,0,cluster
0.5,euc_unemb,euc_dmd,rd,60,-0.0049,-0.01272,0.00393,0.4333,0,cluster
0.5,euc_unemb,euc_dmd,cf,60,0.05078,0.04064,0.05989,0.05,0,cluster
0.5,cau_ctx,cau_unemb,kl,0,nan,nan,nan,,0,cluster
0.5,cau_ctx,cau_unemb,kl99,0,nan,nan,nan,,0,cluster
0.5,cau_ctx,cau_unemb,rd,0,nan,nan,nan,,0,cluster
0.5,cau_ctx,cau_unemb,cf,0,nan,nan,nan,,0,cluster
0.5,cau_ctx,cau_dmd,kl,0,nan,nan,nan,,0,cluster
0.5,cau_ctx,cau_dmd,kl99,0,nan,nan,nan,,0,cluster
0.5,cau_ctx,cau_dmd,rd,0,nan,nan,nan,,0,cluster
0.5,cau_ctx,cau_dmd,cf,0,nan,nan,nan,,0,cluster
0.5,cau_unemb,cau_dmd,kl,60,-0.30622,-0.40171,-0.23515,0.0,0,cluster
0.5,cau_unemb,cau_dmd,kl99,60,-0.30528,-0.39707,-0.2365,0.0,0,cluster
0.5,cau_unemb,cau_dmd,rd,60,-0.01501,-0.02184,-0.00749,0.2,0,cluster
0.5,cau_unemb,cau_dmd,cf,60,0.03441,0.03016,0.03786,0.0167,0,cluster
0.5,dua_ctx,dua_unemb,kl,60,-0.08084,-0.14432,-0.02886,0.35,0,cluster
0.5,dua_ctx,dua_unemb,kl99,60,-0.07838,-0.14262,-0.02776,0.35,0,cluster
0.5,dua_ctx,dua_unemb,rd,60,-0.03799,-0.04703,-0.02754,0.1167,0,cluster
0.5,dua_ctx,dua_unemb,cf,60,-0.12257,-0.13903,-0.10346,0.9667,0,cluster
0.5,dua_ctx,dua_dmd,kl,60,-0.11464,-0.15553,-0.07086,0.2333,0,cluster
0.5,dua_ctx,dua_dmd,kl99,60,-0.11156,-0.15321,-0.06874,0.2167,0,cluster
0.5,dua_ctx,dua_dmd,rd,60,-0.02558,-0.03365,-0.01517,0.1333,0,cluster
0.5,dua_ctx,dua_dmd,cf,60,-0.12527,-0.14023,-0.10691,0.9833,0,cluster
0.5,dua_unemb,dua_dmd,kl,60,-0.0338,-0.05453,-0.00787,0.3,0,cluster
0.5,dua_unemb,dua_dmd,kl99,60,-0.03318,-0.05499,-0.00771,0.3,0,cluster
0.5,dua_unemb,dua_dmd,rd,60,0.01241,0.004,0.02165,0.7,0,cluster
0.5,dua_unemb,dua_dmd,cf,60,-0.0027,-0.00789,0.00395,0.5,0,cluster
0.7,euc_ctx,cau_ctx,kl,0,nan,nan,nan,,0,cluster
0.7,euc_ctx,cau_ctx,kl99,0,nan,nan,nan,,0,cluster
0.7,euc_ctx,cau_ctx,rd,0,nan,nan,nan,,0,cluster
0.7,euc_ctx,cau_ctx,cf,0,nan,nan,nan,,0,cluster
0.7,euc_ctx,dua_ctx,kl,60,0.05088,-0.04315,0.14305,0.6,0,cluster
0.7,euc_ctx,dua_ctx,kl99,60,0.05787,-0.03605,0.15551,0.6,0,cluster
0.7,euc_ctx,dua_ctx,rd,60,0.07381,0.04943,0.09654,0.9167,0,cluster
0.7,euc_ctx,dua_ctx,cf,60,-0.15582,-0.17761,-0.13234,1.0,0,cluster
0.7,cau_ctx,dua_ctx,kl,0,nan,nan,nan,,0,cluster
0.7,cau_ctx,dua_ctx,kl99,0,nan,nan,nan,,0,cluster
0.7,cau_ctx,dua_ctx,rd,0,nan,nan,nan,,0,cluster
0.7,cau_ctx,dua_ctx,cf,0,nan,nan,nan,,0,cluster
0.7,euc_unemb,cau_unemb,kl,60,0.66092,0.60832,0.71593,1.0,0,cluster
0.7,euc_unemb,cau_unemb,kl99,60,0.65609,0.60543,0.71096,1.0,0,cluster
0.7,euc_unemb,cau_unemb,rd,60,0.01503,0.00358,0.02794,0.6333,0,cluster
0.7,euc_unemb,cau_unemb,cf,60,0.07217,0.05363,0.08966,0.1,0,cluster
0.7,euc_unemb,dua_unemb,kl,60,0.63211,0.56121,0.68856,1.0,0,cluster
0.7,euc_unemb,dua_unemb,kl99,60,0.63372,0.55604,0.69407,1.0,0,cluster
0.7,euc_unemb,dua_unemb,rd,60,0.05544,0.03713,0.07365,0.95,0,cluster
0.7,euc_unemb,dua_unemb,cf,60,-0.21537,-0.24288,-0.18429,1.0,0,cluster
0.7,cau_unemb,dua_unemb,kl,60,-0.02881,-0.14431,0.06073,0.4333,0,cluster
0.7,cau_unemb,dua_unemb,kl99,60,-0.02237,-0.13318,0.06317,0.4333,0,cluster
0.7,cau_unemb,dua_unemb,rd,60,0.04042,0.02141,0.05858,0.7333,0,cluster
0.7,cau_unemb,dua_unemb,cf,60,-0.28754,-0.31026,-0.26187,1.0,0,cluster
0.7,euc_dmd,cau_dmd,kl,60,0.34498,0.25114,0.4143,0.9167,0,cluster
0.7,euc_dmd,cau_dmd,kl99,60,0.34032,0.25786,0.4094,0.9167,0,cluster
0.7,euc_dmd,cau_dmd,rd,60,0.00873,0.0013,0.01738,0.6,0,cluster
0.7,euc_dmd,cau_dmd,cf,60,0.05934,0.04361,0.07616,0.0833,0,cluster
0.7,euc_dmd,dua_dmd,kl,60,0.66952,0.54651,0.77861,1.0,0,cluster
0.7,euc_dmd,dua_dmd,kl99,60,0.66981,0.55142,0.78587,1.0,0,cluster
0.7,euc_dmd,dua_dmd,rd,60,0.07541,0.05367,0.09692,0.95,0,cluster
0.7,euc_dmd,dua_dmd,cf,60,-0.2663,-0.29034,-0.23499,1.0,0,cluster
0.7,cau_dmd,dua_dmd,kl,60,0.32454,0.14763,0.51095,0.85,0,cluster
0.7,cau_dmd,dua_dmd,kl99,60,0.32949,0.15949,0.53288,0.85,0,cluster
0.7,cau_dmd,dua_dmd,rd,60,0.06667,0.04699,0.08576,0.8667,0,cluster
0.7,cau_dmd,dua_dmd,cf,60,-0.32565,-0.34481,-0.30177,1.0,0,cluster
0.7,euc_ctx,euc_unemb,kl,60,-0.4235,-0.50227,-0.34597,0.0333,0,cluster
0.7,euc_ctx,euc_unemb,kl99,60,-0.41923,-0.50085,-0.34111,0.0333,0,cluster
0.7,euc_ctx,euc_unemb,rd,60,-0.01556,-0.03061,-0.00184,0.3667,0,cluster
0.7,euc_ctx,euc_unemb,cf,60,-0.06139,-0.08077,-0.03976,0.85,0,cluster
0.7,euc_ctx,euc_dmd,kl,60,-0.46668,-0.53172,-0.40271,0.0167,0,cluster
0.7,euc_ctx,euc_dmd,kl99,60,-0.46119,-0.52616,-0.39823,0.0333,0,cluster
0.7,euc_ctx,euc_dmd,rd,60,-0.02058,-0.02923,-0.0132,0.2667,0,cluster
0.7,euc_ctx,euc_dmd,cf,60,-0.00866,-0.02698,0.00908,0.5167,0,cluster
0.7,euc_unemb,euc_dmd,kl,60,-0.04319,-0.10632,0.0198,0.4167,0,cluster
0.7,euc_unemb,euc_dmd,kl99,60,-0.04197,-0.10629,0.01976,0.4167,0,cluster
0.7,euc_unemb,euc_dmd,rd,60,-0.00501,-0.01277,0.0035,0.4333,0,cluster
0.7,euc_unemb,euc_dmd,cf,60,0.05273,0.04412,0.06045,0.05,0,cluster
0.7,cau_ctx,cau_unemb,kl,0,nan,nan,nan,,0,cluster
0.7,cau_ctx,cau_unemb,kl99,0,nan,nan,nan,,0,cluster
0.7,cau_ctx,cau_unemb,rd,0,nan,nan,nan,,0,cluster
0.7,cau_ctx,cau_unemb,cf,0,nan,nan,nan,,0,cluster
0.7,cau_ctx,cau_dmd,kl,0,nan,nan,nan,,0,cluster
0.7,cau_ctx,cau_dmd,kl99,0,nan,nan,nan,,0,cluster
0.7,cau_ctx,cau_dmd,rd,0,nan,nan,nan,,0,cluster
0.7,cau_ctx,cau_dmd,cf,0,nan,nan,nan,,0,cluster
0.7,cau_unemb,cau_dmd,kl,60,-0.35913,-0.46352,-0.2736,0.0167,0,cluster
0.7,cau_unemb,cau_dmd,kl99,60,-0.35773,-0.46413,-0.27506,0.0167,0,cluster
0.7,cau_unemb,cau_dmd,rd,60,-0.01131,-0.0181,-0.00454,0.3167,0,cluster
0.7,cau_unemb,cau_dmd,cf,60,0.0399,0.0347,0.04434,0.0333,0,cluster
0.7,dua_ctx,dua_unemb,kl,60,0.15773,0.05469,0.24189,0.75,0,cluster
0.7,dua_ctx,dua_unemb,kl99,60,0.15662,0.06228,0.24354,0.75,0,cluster
0.7,dua_ctx,dua_unemb,rd,60,-0.03393,-0.04462,-0.02233,0.2333,0,cluster
0.7,dua_ctx,dua_unemb,cf,60,-0.12094,-0.13435,-0.10687,0.9667,0,cluster
0.7,dua_ctx,dua_dmd,kl,60,0.15196,0.09737,0.20893,0.75,0,cluster
0.7,dua_ctx,dua_dmd,kl99,60,0.15074,0.09205,0.20656,0.75,0,cluster
0.7,dua_ctx,dua_dmd,rd,60,-0.01898,-0.02689,-0.00969,0.25,0,cluster
0.7,dua_ctx,dua_dmd,cf,60,-0.11915,-0.13408,-0.10229,0.9833,0,cluster
0.7,dua_unemb,dua_dmd,kl,60,-0.00577,-0.04899,0.05948,0.3667,0,cluster
0.7,dua_unemb,dua_dmd,kl99,60,-0.00588,-0.04773,0.05741,0.3667,0,cluster
0.7,dua_unemb,dua_dmd,rd,60,0.01495,0.00579,0.02496,0.7333,0,cluster
0.7,dua_unemb,dua_dmd,cf,60,0.0018,-0.00665,0.01145,0.4833,0,cluster
0.9,euc_ctx,cau_ctx,kl,0,nan,nan,nan,,0,cluster
0.9,euc_ctx,cau_ctx,kl99,0,nan,nan,nan,,0,cluster
0.9,euc_ctx,cau_ctx,rd,0,nan,nan,nan,,0,cluster
0.9,euc_ctx,cau_ctx,cf,0,nan,nan,nan,,0,cluster
0.9,euc_ctx,dua_ctx,kl,60,-0.36421,-0.50728,-0.22943,0.1167,0,cluster
0.9,euc_ctx,dua_ctx,kl99,60,-0.35089,-0.48573,-0.21907,0.1333,0,cluster
0.9,euc_ctx,dua_ctx,rd,60,0.04036,0.02161,0.05953,0.8167,0,cluster
0.9,euc_ctx,dua_ctx,cf,60,-0.11825,-0.1427,-0.0953,0.95,0,cluster
0.9,cau_ctx,dua_ctx,kl,0,nan,nan,nan,,0,cluster
0.9,cau_ctx,dua_ctx,kl99,0,nan,nan,nan,,0,cluster
0.9,cau_ctx,dua_ctx,rd,0,nan,nan,nan,,0,cluster
0.9,cau_ctx,dua_ctx,cf,0,nan,nan,nan,,0,cluster
0.9,euc_unemb,cau_unemb,kl,60,0.63846,0.54682,0.76016,1.0,1,cluster
0.9,euc_unemb,cau_unemb,kl99,60,0.6348,0.54447,0.74985,1.0,0,cluster
0.9,euc_unemb,cau_unemb,rd,60,0.02272,0.01013,0.03647,0.7333,0,cluster
0.9,euc_unemb,cau_unemb,cf,60,0.01658,0.00556,0.02854,0.4167,0,cluster
0.9,euc_unemb,dua_unemb,kl,60,0.24584,0.13149,0.35963,0.65,0,cluster
0.9,euc_unemb,dua_unemb,kl99,60,0.25458,0.14475,0.36681,0.65,0,cluster
0.9,euc_unemb,dua_unemb,rd,60,0.04794,0.03193,0.06336,0.8833,0,cluster
0.9,euc_unemb,dua_unemb,cf,60,-0.2433,-0.27327,-0.20917,1.0,0,cluster
0.9,cau_unemb,dua_unemb,kl,60,-0.39261,-0.50721,-0.27017,0.1667,1,cluster
0.9,cau_unemb,dua_unemb,kl99,60,-0.38022,-0.48639,-0.26433,0.1833,0,cluster
0.9,cau_unemb,dua_unemb,rd,60,0.02522,0.00471,0.04314,0.5833,0,cluster
0.9,cau_unemb,dua_unemb,cf,60,-0.25987,-0.28613,-0.23166,1.0,0,cluster
0.9,euc_dmd,cau_dmd,kl,60,0.18744,0.00774,0.34265,0.8167,0,cluster
0.9,euc_dmd,cau_dmd,kl99,60,0.18501,0.0008,0.33824,0.8167,0,cluster
0.9,euc_dmd,cau_dmd,rd,60,0.02132,0.00824,0.0356,0.7667,0,cluster
0.9,euc_dmd,cau_dmd,cf,60,0.02125,0.00896,0.03753,0.35,0,cluster
0.9,euc_dmd,dua_dmd,kl,60,0.58742,0.47942,0.68628,0.9667,1,cluster
0.9,euc_dmd,dua_dmd,kl99,60,0.58898,0.48091,0.68413,0.9667,0,cluster
0.9,euc_dmd,dua_dmd,rd,60,0.06931,0.05246,0.08574,0.9333,0,cluster
0.9,euc_dmd,dua_dmd,cf,60,-0.27006,-0.30022,-0.23061,1.0,0,cluster
0.9,cau_dmd,dua_dmd,kl,60,0.39998,0.17705,0.65868,0.85,1,cluster
0.9,cau_dmd,dua_dmd,kl99,60,0.40397,0.18585,0.66462,0.8667,0,cluster
0.9,cau_dmd,dua_dmd,rd,60,0.04799,0.03406,0.05794,0.8,0,cluster
0.9,cau_dmd,dua_dmd,cf,60,-0.29131,-0.31372,-0.26652,1.0,0,cluster
0.9,euc_ctx,euc_unemb,kl,60,-0.3829,-0.5396,-0.25593,0.1333,0,cluster
0.9,euc_ctx,euc_unemb,kl99,60,-0.38012,-0.52951,-0.25015,0.1333,0,cluster
0.9,euc_ctx,euc_unemb,rd,60,-0.02973,-0.0476,-0.01219,0.3333,0,cluster
0.9,euc_ctx,euc_unemb,cf,60,-0.00065,-0.01445,0.01219,0.5333,0,cluster
0.9,euc_ctx,euc_dmd,kl,60,-0.4033,-0.51634,-0.30753,0.0833,0,cluster
0.9,euc_ctx,euc_dmd,kl99,60,-0.3995,-0.51181,-0.30322,0.0833,0,cluster
0.9,euc_ctx,euc_dmd,rd,60,-0.03343,-0.04637,-0.02108,0.2333,0,cluster
0.9,euc_ctx,euc_dmd,cf,60,0.05275,0.03066,0.06774,0.15,0,cluster
0.9,euc_unemb,euc_dmd,kl,60,-0.0204,-0.08908,0.0499,0.45,0,cluster
0.9,euc_unemb,euc_dmd,kl99,60,-0.01939,-0.0897,0.051,0.45,0,cluster
0.9,euc_unemb,euc_dmd,rd,60,-0.0037,-0.01249,0.00547,0.45,0,cluster
0.9,euc_unemb,euc_dmd,cf,60,0.0534,0.04146,0.06261,0.1,0,cluster
0.9,cau_ctx,cau_unemb,kl,0,nan,nan,nan,,0,cluster
0.9,cau_ctx,cau_unemb,kl99,0,nan,nan,nan,,0,cluster
0.9,cau_ctx,cau_unemb,rd,0,nan,nan,nan,,0,cluster
0.9,cau_ctx,cau_unemb,cf,0,nan,nan,nan,,0,cluster
0.9,cau_ctx,cau_dmd,kl,0,nan,nan,nan,,0,cluster
0.9,cau_ctx,cau_dmd,kl99,0,nan,nan,nan,,0,cluster
0.9,cau_ctx,cau_dmd,rd,0,nan,nan,nan,,0,cluster
0.9,cau_ctx,cau_dmd,cf,0,nan,nan,nan,,0,cluster
0.9,cau_unemb,cau_dmd,kl,60,-0.47142,-0.62971,-0.35188,0.0167,0,cluster
0.9,cau_unemb,cau_dmd,kl99,60,-0.46917,-0.63578,-0.34588,0.0167,0,cluster
0.9,cau_unemb,cau_dmd,rd,60,-0.0051,-0.01706,0.00809,0.3167,0,cluster
0.9,cau_unemb,cau_dmd,cf,60,0.05808,0.04977,0.06596,0.0667,0,cluster
0.9,dua_ctx,dua_unemb,kl,60,0.22716,0.08669,0.35143,0.5833,0,cluster
0.9,dua_ctx,dua_unemb,kl99,60,0.22535,0.08591,0.34723,0.5833,0,cluster
0.9,dua_ctx,dua_unemb,rd,60,-0.02216,-0.04174,-0.00781,0.3333,0,cluster
0.9,dua_ctx,dua_unemb,cf,60,-0.1257,-0.13481,-0.11492,0.9667,0,cluster
0.9,dua_ctx,dua_dmd,kl,60,0.54833,0.39663,0.73572,0.8333,0,cluster
0.9,dua_ctx,dua_dmd,kl99,60,0.54036,0.37938,0.72277,0.8333,0,cluster
0.9,dua_ctx,dua_dmd,rd,60,-0.00448,-0.01787,0.00509,0.4167,0,cluster
0.9,dua_ctx,dua_dmd,cf,60,-0.09905,-0.11057,-0.0856,0.9167,0,cluster
0.9,dua_unemb,dua_dmd,kl,60,0.32117,0.2032,0.42475,0.7,0,cluster
0.9,dua_unemb,dua_dmd,kl99,60,0.31502,0.20536,0.42197,0.7,0,cluster
0.9,dua_unemb,dua_dmd,rd,60,0.01767,0.00884,0.02801,0.7833,0,cluster
0.9,dua_unemb,dua_dmd,cf,60,0.02664,0.01611,0.03765,0.25,0,cluster
0.99,euc_ctx,cau_ctx,kl,0,nan,nan,nan,,0,cluster
0.99,euc_ctx,cau_ctx,kl99,0,nan,nan,nan,,0,cluster
0.99,euc_ctx,cau_ctx,rd,0,nan,nan,nan,,0,cluster
0.99,euc_ctx,cau_ctx,cf,0,nan,nan,nan,,0,cluster
0.99,euc_ctx,dua_ctx,kl,60,-1.05362,-1.30173,-0.80972,0.05,0,cluster
0.99,euc_ctx,dua_ctx,kl99,60,-1.03108,-1.28785,-0.80248,0.05,0,cluster
0.99,euc_ctx,dua_ctx,rd,60,0.00094,-0.01069,0.00988,0.4833,0,cluster
0.99,euc_ctx,dua_ctx,cf,60,-0.02087,-0.03992,-0.00384,0.6167,0,cluster
0.99,cau_ctx,dua_ctx,kl,0,nan,nan,nan,,0,cluster
0.99,cau_ctx,dua_ctx,kl99,0,nan,nan,nan,,0,cluster
0.99,cau_ctx,dua_ctx,rd,0,nan,nan,nan,,0,cluster
0.99,cau_ctx,dua_ctx,cf,0,nan,nan,nan,,0,cluster
0.99,euc_unemb,cau_unemb,kl,60,1.49676,1.31719,1.64489,1.0,0,cluster
0.99,euc_unemb,cau_unemb,kl99,60,1.48322,1.29913,1.63926,1.0,0,cluster
0.99,euc_unemb,cau_unemb,rd,60,0.0473,0.02767,0.06854,0.8833,0,cluster
0.99,euc_unemb,cau_unemb,cf,60,-0.0016,-0.03797,0.02971,0.5333,0,cluster
0.99,euc_unemb,dua_unemb,kl,60,0.91513,0.68004,1.07962,0.8667,0,cluster
0.99,euc_unemb,dua_unemb,kl99,60,0.91596,0.68851,1.0808,0.8667,0,cluster
0.99,euc_unemb,dua_unemb,rd,60,0.05366,0.03687,0.0702,0.9167,0,cluster
0.99,euc_unemb,dua_unemb,cf,60,-0.13158,-0.156,-0.10881,0.9833,0,cluster
0.99,cau_unemb,dua_unemb,kl,60,-0.58163,-0.73268,-0.43039,0.0833,0,cluster
0.99,cau_unemb,dua_unemb,kl99,60,-0.56726,-0.71728,-0.41875,0.0833,0,cluster
0.99,cau_unemb,dua_unemb,rd,60,0.00636,-0.01314,0.02308,0.4,0,cluster
0.99,cau_unemb,dua_unemb,cf,60,-0.12998,-0.16331,-0.09814,0.8833,0,cluster
0.99,euc_dmd,cau_dmd,kl,60,0.52903,0.27343,0.72014,0.8167,0,cluster
0.99,euc_dmd,cau_dmd,kl99,60,0.52049,0.26672,0.72106,0.8167,0,cluster
0.99,euc_dmd,cau_dmd,rd,60,0.03128,0.01484,0.04789,0.85,0,cluster
0.99,euc_dmd,cau_dmd,cf,60,0.08178,0.05653,0.10372,0.1667,0,cluster
0.99,euc_dmd,dua_dmd,kl,60,0.78637,0.63016,0.91757,0.9167,0,cluster
0.99,euc_dmd,dua_dmd,kl99,60,0.78292,0.61682,0.91805,0.9167,0,cluster
0.99,euc_dmd,dua_dmd,rd,60,0.05941,0.04832,0.07021,0.9667,0,cluster
0.99,euc_dmd,dua_dmd,cf,60,-0.1554,-0.18379,-0.12637,1.0,0,cluster
0.99,cau_dmd,dua_dmd,kl,60,0.25734,-0.01532,0.58154,0.6333,0,cluster
0.99,cau_dmd,dua_dmd,kl99,60,0.26243,-0.01111,0.59941,0.6333,0,cluster
0.99,cau_dmd,dua_dmd,rd,60,0.02814,0.01691,0.04039,0.6667,0,cluster
0.99,cau_dmd,dua_dmd,cf,60,-0.23719,-0.27596,-0.1978,1.0,0,cluster
0.99,euc_ctx,euc_unemb,kl,60,-1.19927,-1.33423,-1.03987,0.0333,0,cluster
0.99,euc_ctx,euc_unemb,kl99,60,-1.18727,-1.31636,-1.01921,0.0333,0,cluster
0.99,euc_ctx,euc_unemb,rd,60,-0.06021,-0.08625,-0.03459,0.1667,0,cluster
0.99,euc_ctx,euc_unemb,cf,60,0.046,0.01847,0.07464,0.3333,0,cluster
0.99,euc_ctx,euc_dmd,kl,60,-0.92632,-0.99077,-0.85134,0.0,0,cluster
0.99,euc_ctx,euc_dmd,kl99,60,-0.91545,-0.98732,-0.83901,0.0,0,cluster
0.99,euc_ctx,euc_dmd,rd,60,-0.05143,-0.0693,-0.03549,0.1167,0,cluster
0.99,euc_ctx,euc_dmd,cf,60,0.06964,0.04758,0.09406,0.1667,0,cluster
0.99,euc_unemb,euc_dmd,kl,60,0.27295,0.11666,0.40728,0.8833,0,cluster
0.99,euc_unemb,euc_dmd,kl99,60,0.27182,0.1279,0.39826,0.8833,0,cluster
0.99,euc_unemb,euc_dmd,rd,60,0.00878,-0.00363,0.02305,0.6,0,cluster
0.99,euc_unemb,euc_dmd,cf,60,0.02364,-0.01014,0.05105,0.45,0,cluster
0.99,cau_ctx,cau_unemb,kl,0,nan,nan,nan,,0,cluster
0.99,cau_ctx,cau_unemb,kl99,0,nan,nan,nan,,0,cluster
0.99,cau_ctx,cau_unemb,rd,0,nan,nan,nan,,0,cluster
0.99,cau_ctx,cau_unemb,cf,0,nan,nan,nan,,0,cluster
0.99,cau_ctx,cau_dmd,kl,0,nan,nan,nan,,0,cluster
0.99,cau_ctx,cau_dmd,kl99,0,nan,nan,nan,,0,cluster
0.99,cau_ctx,cau_dmd,rd,0,nan,nan,nan,,0,cluster
0.99,cau_ctx,cau_dmd,cf,0,nan,nan,nan,,0,cluster
0.99,cau_unemb,cau_dmd,kl,60,-0.69477,-0.92412,-0.51712,0.0,0,cluster
0.99,cau_unemb,cau_dmd,kl99,60,-0.69091,-0.9171,-0.51827,0.0,0,cluster
0.99,cau_unemb,cau_dmd,rd,60,-0.00724,-0.02162,0.00697,0.4167,0,cluster
0.99,cau_unemb,cau_dmd,cf,60,0.10702,0.08784,0.12558,0.05,0,cluster
0.99,dua_ctx,dua_unemb,kl,60,0.76948,0.47646,1.06644,0.8333,0,cluster
0.99,dua_ctx,dua_unemb,kl99,60,0.75977,0.47139,1.04415,0.8333,0,cluster
0.99,dua_ctx,dua_unemb,rd,60,-0.00748,-0.0271,0.00851,0.4,0,cluster
0.99,dua_ctx,dua_unemb,cf,60,-0.06471,-0.08078,-0.04896,0.8833,0,cluster
0.99,dua_ctx,dua_dmd,kl,60,0.91368,0.68987,1.14201,0.9333,0,cluster
0.99,dua_ctx,dua_dmd,kl99,60,0.89855,0.67565,1.12727,0.9167,0,cluster
0.99,dua_ctx,dua_dmd,rd,60,0.00705,-0.0038,0.01861,0.5833,0,cluster
0.99,dua_ctx,dua_dmd,cf,60,-0.06489,-0.07655,-0.05267,0.8833,0,cluster
0.99,dua_unemb,dua_dmd,kl,60,0.1442,0.04332,0.24948,0.6333,0,cluster
0.99,dua_unemb,dua_dmd,kl99,60,0.13878,0.04359,0.24313,0.6333,0,cluster
0.99,dua_unemb,dua_dmd,rd,60,0.01453,0.00327,0.027,0.7833,0,cluster
0.99,dua_unemb,dua_dmd,cf,60,-0.00018,-0.01079,0.01132,0.5167,0,cluster
