ctx_id,text,method,level,reached,step,P1,cf,kl,kl99,rd
86,"At work, Many people",euc_ctx,0.3,1,24,0.33248,0.17229,0.78457,0.78741,0.27398
86,"At work, Many people",euc_ctx,0.5,1,27,0.50626,0.17119,0.91932,0.92109,0.27758
86,"At work, Many people",euc_ctx,0.7,1,31,0.72817,0.19582,1.06976,1.06959,0.24532
86,"At work, Many people",euc_ctx,0.9,1,37,0.91833,0.28766,1.28709,1.28273,0.27868
86,"At work, Many people",euc_ctx,0.99,1,47,0.99175,0.51003,1.88304,1.86792,0.28176
86,"At work, Many people",cau_ctx,0.3,1,45,0.31788,0.1909,1.36642,1.37087,0.25128
86,"At work, Many people",cau_ctx,0.5,1,52,0.53127,0.14727,1.91075,1.91108,0.25149
86,"At work, Many people",cau_ctx,0.7,1,58,0.70851,0.12125,2.45303,2.44849,0.25422
86,"At work, Many people",cau_ctx,0.9,1,69,0.90823,0.09196,3.57247,3.55675,0.2638
86,"At work, Many people",cau_ctx,0.99,1,87,0.99016,0.06587,5.56186,5.52489,0.27331
86,"At work, Many people",dua_ctx,0.3,1,172,0.30151,0.402,1.17179,1.10318,0.01175
86,"At work, Many people",dua_ctx,0.5,1,286,0.50144,0.36861,2.53555,2.41995,0.16791
86,"At work, Many people",dua_ctx,0.7,1,428,0.70044,0.35033,3.99497,3.85418,0.20971
86,"At work, Many people",dua_ctx,0.9,0,,,,,,
86,"At work, Many people",dua_ctx,0.99,0,,,,,,
86,"At work, Many people",euc_unemb,0.3,1,11,0.3333,0.15013,0.50328,0.50219,0.07289
86,"At work, Many people",euc_unemb,0.5,1,13,0.59046,0.16017,0.58513,0.58216,0.07873
86,"At work, Many people",euc_unemb,0.7,1,14,0.7099,0.17842,0.61532,0.61115,0.17836
86,"At work, Many people",euc_unemb,0.9,1,17,0.92262,0.28784,0.73842,0.7292,0.20858
86,"At work, Many people",euc_unemb,0.99,1,22,0.99394,0.53226,1.3522,1.32889,0.26406
86,"At work, Many people",cau_unemb,0.3,1,12,0.34644,0.12033,0.60185,0.60131,0.08852
86,"At work, Many people",cau_unemb,0.5,1,14,0.57995,0.12464,0.66993,0.66784,0.08839
86,"At work, Many people",cau_unemb,0.7,1,16,0.7809,0.15311,0.69835,0.69423,0.18686
86,"At work, Many people",cau_unemb,0.9,1,18,0.9011,0.20727,0.72641,0.71968,0.21859
86,"At work, Many people",cau_unemb,0.99,1,24,0.99304,0.46338,1.12199,1.10295,0.20998
86,"At work, Many people",dua_unemb,0.3,1,25,0.31701,0.44559,0.08126,0.07858,0.00517
86,"At work, Many people",dua_unemb,0.5,1,38,0.51128,0.45784,0.23865,0.22383,0.00678
86,"At work, Many people",dua_unemb,0.7,1,61,0.70364,0.47597,0.71102,0.66468,0.01001
86,"At work, Many people",dua_unemb,0.9,1,118,0.90192,0.51875,2.13127,2.01836,0.02624
86,"At work, Many people",dua_unemb,0.99,1,167,0.9909,0.54052,3.20024,3.06032,0.03028
86,"At work, Many people",euc_dmd,0.3,1,11,0.4203,0.11431,0.80984,0.8103,0.23056
86,"At work, Many people",euc_dmd,0.5,1,12,0.55611,0.11612,0.88437,0.88385,0.22015
86,"At work, Many people",euc_dmd,0.7,1,14,0.78741,0.14102,1.01155,1.00854,0.21888
86,"At work, Many people",euc_dmd,0.9,1,16,0.91529,0.19419,1.14687,1.14062,0.23459
86,"At work, Many people",euc_dmd,0.99,1,21,0.99331,0.40671,1.73289,1.71482,0.28017
86,"At work, Many people",cau_dmd,0.3,1,12,0.36642,0.09451,0.97427,0.97655,0.23567
86,"At work, Many people",cau_dmd,0.5,1,14,0.59347,0.09395,1.13571,1.13631,0.22992
86,"At work, Many people",cau_dmd,0.7,1,16,0.78374,0.10837,1.29284,1.29117,0.23833
86,"At work, Many people",cau_dmd,0.9,1,19,0.93244,0.15122,1.58479,1.57841,0.23851
86,"At work, Many people",cau_dmd,0.99,1,24,0.99182,0.22666,2.37157,2.35338,0.22085
86,"At work, Many people",dua_dmd,0.3,1,18,0.3318,0.41589,0.10131,0.10647,0.01656
86,"At work, Many people",dua_dmd,0.5,1,23,0.50326,0.41026,0.1864,0.1913,0.02513
86,"At work, Many people",dua_dmd,0.7,1,30,0.70283,0.40638,0.33805,0.34084,0.02874
86,"At work, Many people",dua_dmd,0.9,1,41,0.90566,0.40873,0.67453,0.66937,0.03306
86,"At work, Many people",dua_dmd,0.99,1,55,0.99065,0.42089,1.33814,1.31492,0.03381
151,"Every day, People usually",euc_ctx,0.3,1,10,0.31453,0.72888,0.07969,0.08423,0.02147
151,"Every day, People usually",euc_ctx,0.5,1,14,0.55159,0.7378,0.18957,0.19311,0.02703
151,"Every day, People usually",euc_ctx,0.7,1,17,0.72031,0.74928,0.31169,0.31299,0.03084
151,"Every day, People usually",euc_ctx,0.9,1,23,0.91842,0.77337,0.63332,0.62719,0.10057
151,"Every day, People usually",euc_ctx,0.99,1,32,0.99028,0.79578,1.20478,1.1843,0.10342
151,"Every day, People usually",cau_ctx,0.3,1,19,0.30943,0.75208,0.1308,0.13614,0.04424
151,"Every day, People usually",cau_ctx,0.5,1,26,0.5239,0.75411,0.27493,0.27945,0.11316
151,"Every day, People usually",cau_ctx,0.7,1,32,0.70386,0.75593,0.45033,0.4525,0.14468
151,"Every day, People usually",cau_ctx,0.9,1,43,0.90715,0.76042,0.87162,0.86635,0.12686
151,"Every day, People usually",cau_ctx,0.99,1,61,0.9901,0.76548,1.72597,1.70437,0.12746
151,"Every day, People usually",dua_ctx,0.3,1,193,0.30033,0.6564,2.35674,2.27363,0.02362
151,"Every day, People usually",dua_ctx,0.5,1,329,0.5001,0.56146,5.00168,4.87248,0.04436
151,"Every day, People usually",dua_ctx,0.7,1,447,0.70059,0.48586,6.15073,6.01073,0.04993
151,"Every day, People usually",dua_ctx,0.9,1,594,0.90091,0.42545,7.31712,7.17333,0.0511
151,"Every day, People usually",dua_ctx,0.99,0,,,,,,
151,"Every day, People usually",euc_unemb,0.3,1,5,0.40335,0.70658,0.09651,0.10003,0.03325
151,"Every day, People usually",euc_unemb,0.5,1,6,0.54582,0.71479,0.16096,0.16355,0.03837
151,"Every day, People usually",euc_unemb,0.7,1,8,0.79207,0.74036,0.3739,0.37235,0.12039
151,"Every day, People usually",euc_unemb,0.9,1,10,0.92373,0.76136,0.68104,0.673,0.13038
151,"Every day, People usually",euc_unemb,0.99,1,14,0.99194,0.77246,1.40773,1.3837,0.13872
151,"Every day, People usually",cau_unemb,0.3,1,5,0.34839,0.68818,0.0773,0.082,0.04111
151,"Every day, People usually",cau_unemb,0.5,1,7,0.60325,0.70233,0.17906,0.18254,0.03944
151,"Every day, People usually",cau_unemb,0.7,1,8,0.7192,0.716,0.25747,0.25942,0.08271
151,"Every day, People usually",cau_unemb,0.9,1,11,0.92411,0.7556,0.59831,0.59282,0.09894
151,"Every day, People usually",cau_unemb,0.99,1,16,0.99379,0.77585,1.33342,1.31119,0.10874
151,"Every day, People usually",dua_unemb,0.3,1,16,0.30603,0.73052,0.07847,0.07849,0.00263
151,"Every day, People usually",dua_unemb,0.5,1,28,0.5002,0.73807,0.22459,0.21643,0.0088
151,"Every day, People usually",dua_unemb,0.7,1,46,0.70048,0.74842,0.58758,0.5593,0.01459
151,"Every day, People usually",dua_unemb,0.9,1,80,0.90388,0.75848,1.95366,1.86936,0.02354
151,"Every day, People usually",dua_unemb,0.99,1,119,0.99041,0.76461,4.40356,4.27725,0.02342
151,"Every day, People usually",euc_dmd,0.3,1,5,0.39549,0.6914,0.1134,0.11854,0.0349
151,"Every day, People usually",euc_dmd,0.5,1,6,0.53576,0.69852,0.17793,0.18248,0.02491
151,"Every day, People usually",euc_dmd,0.7,1,8,0.78237,0.72737,0.38596,0.38714,0.10522
151,"Every day, People usually",euc_dmd,0.9,1,10,0.91803,0.75711,0.69579,0.69125,0.13351
151,"Every day, People usually",euc_dmd,0.99,1,14,0.99084,0.78797,1.46847,1.44925,0.14311
151,"Every day, People usually",cau_dmd,0.3,1,5,0.30478,0.66845,0.11249,0.1189,0.04553
151,"Every day, People usually",cau_dmd,0.5,1,7,0.53069,0.67177,0.21124,0.21752,0.02836
151,"Every day, People usually",cau_dmd,0.7,1,9,0.74227,0.69464,0.36752,0.37164,0.04575
151,"Every day, People usually",cau_dmd,0.9,1,12,0.91961,0.734,0.73816,0.73595,0.05197
151,"Every day, People usually",cau_dmd,0.99,1,17,0.9908,0.76191,1.56204,1.5454,0.135
151,"Every day, People usually",dua_dmd,0.3,1,13,0.31429,0.70157,0.12929,0.13574,0.01247
151,"Every day, People usually",dua_dmd,0.5,1,23,0.51159,0.68388,0.36267,0.36944,0.01887
151,"Every day, People usually",dua_dmd,0.7,1,42,0.70193,0.66807,0.9146,0.91765,0.02623
151,"Every day, People usually",dua_dmd,0.9,1,77,0.90237,0.65195,2.21053,2.19689,0.03114
151,"Every day, People usually",dua_dmd,0.99,1,119,0.99042,0.66148,4.11258,4.06797,0.03857
224,"Honestly, They just",euc_ctx,0.3,1,22,0.33819,0.13189,0.84663,0.84805,0.27541
224,"Honestly, They just",euc_ctx,0.5,1,25,0.51491,0.12647,0.99744,0.99759,0.28112
224,"Honestly, They just",euc_ctx,0.7,1,29,0.73506,0.14016,1.15313,1.15112,0.28801
224,"Honestly, They just",euc_ctx,0.9,1,35,0.91874,0.2013,1.33604,1.32978,0.27096
224,"Honestly, They just",euc_ctx,0.99,1,45,0.99053,0.36372,1.79305,1.77657,0.2487
224,"Honestly, They just",cau_ctx,0.3,1,42,0.32092,0.16705,1.14869,1.15385,0.21863
224,"Honestly, They just",cau_ctx,0.5,1,49,0.52105,0.15566,1.44453,1.44779,0.24449
224,"Honestly, They just",cau_ctx,0.7,1,56,0.70864,0.15873,1.74425,1.74468,0.25548
224,"Honestly, They just",cau_ctx,0.9,1,68,0.90024,0.17467,2.37088,2.36394,0.23558
224,"Honestly, They just",cau_ctx,0.99,1,92,0.99036,0.15633,4.27277,4.243,0.25004
224,"Honestly, They just",dua_ctx,0.3,1,197,0.30106,0.39772,1.53995,1.44873,0.01775
224,"Honestly, They just",dua_ctx,0.5,1,304,0.5017,0.37256,3.19342,3.0684,0.02072
224,"Honestly, They just",dua_ctx,0.7,1,461,0.70055,0.3521,5.12454,4.9802,0.0243
224,"Honestly, They just",dua_ctx,0.9,0,,,,,,
224,"Honestly, They just",dua_ctx,0.99,0,,,,,,
224,"Honestly, They just",euc_unemb,0.3,1,10,0.35595,0.15626,0.66232,0.6605,0.25624
224,"Honestly, They just",euc_unemb,0.5,1,12,0.63369,0.16069,0.86761,0.86299,0.27078
224,"Honestly, They just",euc_unemb,0.7,1,13,0.75422,0.17631,0.97565,0.96923,0.27984
224,"Honestly, They just",euc_unemb,0.9,1,15,0.90657,0.23007,1.21874,1.20783,0.2771
224,"Honestly, They just",euc_unemb,0.99,1,20,0.99438,0.38681,2.13741,2.10975,0.27829
224,"Honestly, They just",cau_unemb,0.3,1,11,0.36899,0.16447,0.63375,0.63563,0.23193
224,"Honestly, They just",cau_unemb,0.5,1,13,0.61957,0.17193,0.78301,0.78314,0.26563
224,"Honestly, They just",cau_unemb,0.7,1,14,0.73099,0.18743,0.85578,0.85471,0.26436
224,"Honestly, They just",cau_unemb,0.9,1,17,0.92653,0.27303,1.1095,1.10335,0.24894
224,"Honestly, They just",cau_unemb,0.99,1,22,0.99388,0.43208,1.85474,1.83492,0.23606
224,"Honestly, They just",dua_unemb,0.3,1,28,0.30413,0.46323,0.1006,0.09204,0.00461
224,"Honestly, They just",dua_unemb,0.5,1,50,0.5022,0.47989,0.36825,0.33205,0.00724
224,"Honestly, They just",dua_unemb,0.7,1,102,0.70115,0.51384,1.42749,1.32565,0.1659
224,"Honestly, They just",dua_unemb,0.9,1,276,0.90066,0.5754,5.29182,5.1434,0.17162
224,"Honestly, They just",dua_unemb,0.99,1,362,0.99055,0.58528,10.92007,10.7702,0.22418
224,"Honestly, They just",euc_dmd,0.3,1,9,0.35443,0.09196,1.20373,1.20322,0.29803
224,"Honestly, They just",euc_dmd,0.5,1,10,0.50617,0.08575,1.39752,1.39562,0.30186
224,"Honestly, They just",euc_dmd,0.7,1,12,0.78002,0.09498,1.7445,1.73929,0.30274
224,"Honestly, They just",euc_dmd,0.9,1,14,0.92365,0.13005,2.04378,2.03463,0.30274
224,"Honestly, They just",euc_dmd,0.99,1,18,0.99256,0.26324,2.67544,2.6562,0.29569
224,"Honestly, They just",cau_dmd,0.3,1,10,0.33361,0.09208,1.37409,1.3779,0.30473
224,"Honestly, They just",cau_dmd,0.5,1,12,0.58594,0.08669,1.70721,1.70939,0.30752
224,"Honestly, They just",cau_dmd,0.7,1,13,0.70183,0.09197,1.84749,1.84869,0.30802
224,"Honestly, They just",cau_dmd,0.9,1,16,0.91208,0.13778,2.2042,2.20179,0.302
224,"Honestly, They just",cau_dmd,0.99,1,21,0.99083,0.303,2.89075,2.8795,0.30553
224,"Honestly, They just",dua_dmd,0.3,1,23,0.31244,0.43002,0.12071,0.11946,0.00603
224,"Honestly, They just",dua_dmd,0.5,1,35,0.509,0.42517,0.24973,0.24119,0.16266
224,"Honestly, They just",dua_dmd,0.7,1,60,0.70103,0.42873,0.63259,0.5992,0.16874
224,"Honestly, They just",dua_dmd,0.9,1,157,0.90122,0.44952,4.14545,4.02544,0.18076
224,"Honestly, They just",dua_dmd,0.99,1,209,0.99129,0.45947,8.18367,8.04948,0.22113
206,The workers never,euc_ctx,0.3,1,21,0.30972,0.04835,0.50565,0.50156,0.1099
206,The workers never,euc_ctx,0.5,1,25,0.54006,0.04718,0.59698,0.5913,0.11092
206,The workers never,euc_ctx,0.7,1,28,0.70509,0.05321,0.63992,0.63292,0.11469
206,The workers never,euc_ctx,0.9,1,34,0.90575,0.08651,0.69422,0.68423,0.13217
206,The workers never,euc_ctx,0.99,1,45,0.99091,0.24695,0.92318,0.9055,0.13754
206,The workers never,cau_ctx,0.3,1,40,0.32481,0.07358,0.56675,0.56681,0.1231
206,The workers never,cau_ctx,0.5,1,46,0.50902,0.07613,0.69079,0.68979,0.13408
206,The workers never,cau_ctx,0.7,1,53,0.71379,0.0921,0.84013,0.83742,0.14818
206,The workers never,cau_ctx,0.9,1,64,0.90437,0.14834,1.14899,1.14219,0.14842
206,The workers never,cau_ctx,0.99,1,85,0.99034,0.28913,2.32314,2.30174,0.14929
206,The workers never,dua_ctx,0.3,1,87,0.30172,0.22499,0.30281,0.28393,0.06719
206,The workers never,dua_ctx,0.5,1,131,0.50096,0.21174,0.68268,0.64013,0.0864
206,The workers never,dua_ctx,0.7,1,175,0.70293,0.19889,1.2205,1.1542,0.08821
206,The workers never,dua_ctx,0.9,1,233,0.90092,0.19287,2.0562,1.96581,0.03391
206,The workers never,dua_ctx,0.99,1,292,0.99056,0.19852,2.89685,2.78824,0.03917
206,The workers never,euc_unemb,0.3,1,9,0.30197,0.05033,0.47298,0.46786,0.10423
206,The workers never,euc_unemb,0.5,1,11,0.58495,0.04997,0.59504,0.58776,0.10365
206,The workers never,euc_unemb,0.7,1,12,0.71836,0.05593,0.64819,0.6397,0.10575
206,The workers never,euc_unemb,0.9,1,15,0.93846,0.10479,0.8132,0.8003,0.12663
206,The workers never,euc_unemb,0.99,1,19,0.99408,0.25092,1.23828,1.21653,0.12536
206,The workers never,cau_unemb,0.3,1,10,0.30315,0.05433,0.40287,0.40066,0.03459
206,The workers never,cau_unemb,0.5,1,12,0.55289,0.05465,0.4795,0.47606,0.03507
206,The workers never,cau_unemb,0.7,1,14,0.77838,0.06961,0.53765,0.53267,0.05169
206,The workers never,cau_unemb,0.9,1,16,0.90871,0.10286,0.60282,0.59585,0.04808
206,The workers never,cau_unemb,0.99,1,21,0.99251,0.26411,1.04166,1.02608,0.11092
206,The workers never,dua_unemb,0.3,1,16,0.30267,0.24802,0.05057,0.05118,0.01128
206,The workers never,dua_unemb,0.5,1,22,0.51769,0.25547,0.10149,0.09975,0.01203
206,The workers never,dua_unemb,0.7,1,29,0.71617,0.26607,0.18964,0.18326,0.01804
206,The workers never,dua_unemb,0.9,1,40,0.9037,0.28378,0.43735,0.41977,0.02171
206,The workers never,dua_unemb,0.99,1,55,0.99008,0.30586,1.11026,1.07053,0.02428
206,The workers never,euc_dmd,0.3,1,10,0.43347,0.03164,0.75776,0.74956,0.12438
206,The workers never,euc_dmd,0.5,1,11,0.57822,0.03143,0.84122,0.83163,0.12709
206,The workers never,euc_dmd,0.7,1,12,0.71065,0.03378,0.9189,0.90786,0.12749
206,The workers never,euc_dmd,0.9,1,15,0.93366,0.05765,1.14013,1.12431,0.1267
206,The workers never,euc_dmd,0.99,1,19,0.99302,0.14385,1.48809,1.46458,0.1431
206,The workers never,cau_dmd,0.3,1,11,0.30785,0.03877,0.65101,0.64679,0.11249
206,The workers never,cau_dmd,0.5,1,13,0.52609,0.03717,0.76462,0.75873,0.12347
206,The workers never,cau_dmd,0.7,1,15,0.73275,0.04328,0.86449,0.85676,0.12454
206,The workers never,cau_dmd,0.9,1,18,0.91258,0.06977,1.01832,1.00741,0.1322
206,The workers never,cau_dmd,0.99,1,24,0.99299,0.21375,1.47477,1.45528,0.13134
206,The workers never,dua_dmd,0.3,1,16,0.30448,0.22989,0.06443,0.06574,0.01224
206,The workers never,dua_dmd,0.5,1,23,0.50065,0.22661,0.12794,0.12815,0.01784
206,The workers never,dua_dmd,0.7,1,36,0.71005,0.22676,0.30589,0.30216,0.02113
206,The workers never,dua_dmd,0.9,1,57,0.9032,0.23167,0.99182,0.97446,0.0424
206,The workers never,dua_dmd,0.99,1,79,0.99035,0.24081,2.02366,1.98381,0.05451
272,Students always,euc_ctx,0.3,1,24,0.30665,0.55837,0.43329,0.44127,0.14562
272,Students always,euc_ctx,0.5,1,28,0.5496,0.55432,0.58288,0.58884,0.04483
272,Students always,euc_ctx,0.7,1,31,0.7227,0.57959,0.68821,0.69154,0.03419
272,Students always,euc_ctx,0.9,1,36,0.90182,0.65268,0.87359,0.87066,0.03831
272,Students always,euc_ctx,0.99,1,46,0.99111,0.77173,1.38797,1.36835,0.03866
272,Students always,cau_ctx,0.3,1,47,0.30064,0.57994,0.70329,0.71055,0.18417
272,Students always,cau_ctx,0.5,1,54,0.5109,0.5483,0.90759,0.91229,0.18855
272,Students always,cau_ctx,0.7,1,61,0.71702,0.53424,1.14679,1.14725,0.21103
272,Students always,cau_ctx,0.9,1,72,0.9108,0.52353,1.62463,1.61551,0.206
272,Students always,cau_ctx,0.99,1,90,0.99029,0.47236,2.64348,2.61414,0.21165
272,Students always,dua_ctx,0.3,1,283,0.30035,0.62145,3.71756,3.59661,0.02211
272,Students always,dua_ctx,0.5,1,418,0.50132,0.54973,5.75928,5.61478,0.05785
272,Students always,dua_ctx,0.7,1,547,0.7005,0.49445,7.12411,6.97323,0.06157
272,Students always,dua_ctx,0.9,0,,,,,,
272,Students always,dua_ctx,0.99,0,,,,,,
272,Students always,euc_unemb,0.3,1,11,0.34789,0.55479,0.30633,0.31253,0.02442
272,Students always,euc_unemb,0.5,1,13,0.62841,0.57607,0.44624,0.44946,0.14938
272,Students always,euc_unemb,0.7,1,14,0.75062,0.60012,0.54618,0.54694,0.15255
272,Students always,euc_unemb,0.9,1,16,0.90496,0.65151,0.81207,0.80621,0.19329
272,Students always,euc_unemb,0.99,1,21,0.99406,0.69822,1.68939,1.6617,0.22743
272,Students always,cau_unemb,0.3,1,12,0.35149,0.52717,0.32305,0.33186,0.02728
272,Students always,cau_unemb,0.5,1,14,0.60496,0.55222,0.39874,0.40554,0.14469
272,Students always,cau_unemb,0.7,1,15,0.71961,0.57828,0.44899,0.45403,0.14731
272,Students always,cau_unemb,0.9,1,18,0.92263,0.66499,0.69804,0.69507,0.16275
272,Students always,cau_unemb,0.99,1,23,0.99324,0.72144,1.36144,1.34009,0.18975
272,Students always,dua_unemb,0.3,1,34,0.30937,0.7386,0.20398,0.19278,0.00768
272,Students always,dua_unemb,0.5,1,60,0.5016,0.74439,0.7427,0.69513,0.01529
272,Students always,dua_unemb,0.7,1,100,0.70122,0.74601,2.41584,2.3054,0.0215
272,Students always,dua_unemb,0.9,1,177,0.90104,0.74853,5.25239,5.10497,0.14483
272,Students always,dua_unemb,0.99,1,227,0.99108,0.7423,6.03151,5.8807,0.18381
272,Students always,euc_dmd,0.3,1,11,0.43506,0.43707,0.61397,0.62335,0.15662
272,Students always,euc_dmd,0.5,1,12,0.58376,0.4459,0.70545,0.71359,0.15812
272,Students always,euc_dmd,0.7,1,13,0.71808,0.47028,0.7987,0.80505,0.16666
272,Students always,euc_dmd,0.9,1,16,0.93743,0.59075,1.14737,1.14537,0.10605
272,Students always,euc_dmd,0.99,1,20,0.99347,0.71253,1.81692,1.79943,0.18461
272,Students always,cau_dmd,0.3,1,12,0.36733,0.3965,0.69799,0.71113,0.16516
272,Students always,cau_dmd,0.5,1,14,0.61508,0.41497,0.8188,0.83054,0.17427
272,Students always,cau_dmd,0.7,1,15,0.72477,0.44185,0.87805,0.88852,0.10736
272,Students always,cau_dmd,0.9,1,18,0.91995,0.5607,1.11918,1.12372,0.10844
272,Students always,cau_dmd,0.99,1,23,0.99203,0.71952,1.79822,1.78792,0.11665
272,Students always,dua_dmd,0.3,1,25,0.30547,0.68528,0.17166,0.17811,0.01094
272,Students always,dua_dmd,0.5,1,37,0.50025,0.66268,0.38031,0.38488,0.01511
272,Students always,dua_dmd,0.7,1,51,0.70023,0.64384,0.72458,0.72357,0.01926
272,Students always,dua_dmd,0.9,1,72,0.90583,0.62994,1.49192,1.47447,0.02415
272,Students always,dua_dmd,0.99,1,95,0.99006,0.63026,2.65551,2.61046,0.03027
56,Students usually,euc_ctx,0.3,1,33,0.3486,0.50777,0.57195,0.57745,0.05819
56,Students usually,euc_ctx,0.5,1,36,0.53889,0.51469,0.68927,0.69257,0.06043
56,Students usually,euc_ctx,0.7,1,39,0.71774,0.54478,0.81107,0.81114,0.07022
56,Students usually,euc_ctx,0.9,1,44,0.90197,0.6209,1.04521,1.0378,0.07266
56,Students usually,euc_ctx,0.99,1,54,0.99137,0.73174,1.67931,1.65237,0.08036
56,Students usually,cau_ctx,0.3,1,65,0.31706,0.35978,1.47887,1.4761,0.2098
56,Students usually,cau_ctx,0.5,1,71,0.50608,0.26722,1.95344,1.94474,0.2003
56,Students usually,cau_ctx,0.7,1,78,0.72189,0.19531,2.56876,2.55142,0.17609
56,Students usually,cau_ctx,0.9,1,88,0.90849,0.14234,3.46647,3.43502,0.17997
56,Students usually,cau_ctx,0.99,1,105,0.9902,0.1037,4.95429,4.89708,0.19942
56,Students usually,dua_ctx,0.3,1,250,0.30006,0.608,3.25481,3.1337,0.03726
56,Students usually,dua_ctx,0.5,1,381,0.50138,0.51516,4.86513,4.718,0.05617
56,Students usually,dua_ctx,0.7,1,494,0.70064,0.45082,6.1938,6.04007,0.0634
56,Students usually,dua_ctx,0.9,0,,,,,,
56,Students usually,dua_ctx,0.99,0,,,,,,
56,Students usually,euc_unemb,0.3,1,14,0.31124,0.43213,0.57018,0.5757,0.12686
56,Students usually,euc_unemb,0.5,1,16,0.60645,0.43468,0.76155,0.76338,0.12413
56,Students usually,euc_unemb,0.7,1,17,0.73978,0.45422,0.88427,0.88331,0.1569
56,Students usually,euc_unemb,0.9,1,19,0.9061,0.50908,1.19157,1.18332,0.18487
56,Students usually,euc_unemb,0.99,1,23,0.99095,0.58494,1.97081,1.94383,0.19845
56,Students usually,cau_unemb,0.3,1,16,0.38795,0.36658,0.76647,0.77315,0.16576
56,Students usually,cau_unemb,0.5,1,17,0.52162,0.36967,0.82891,0.83415,0.16542
56,Students usually,cau_unemb,0.7,1,19,0.76211,0.40924,0.96034,0.96143,0.16127
56,Students usually,cau_unemb,0.9,1,21,0.90307,0.47435,1.13661,1.1319,0.17843
56,Students usually,cau_unemb,0.99,1,26,0.99226,0.59706,1.82671,1.80272,0.16052
56,Students usually,dua_unemb,0.3,1,32,0.30061,0.70404,0.14619,0.14255,0.00625
56,Students usually,dua_unemb,0.5,1,48,0.50643,0.71117,0.4247,0.40295,0.00948
56,Students usually,dua_unemb,0.7,1,69,0.70021,0.71506,1.07915,1.02165,0.01595
56,Students usually,dua_unemb,0.9,1,127,0.90085,0.72151,4.60688,4.46126,0.02479
56,Students usually,dua_unemb,0.99,1,190,0.99002,0.71722,5.99381,5.8395,0.03127
56,Students usually,euc_dmd,0.3,1,14,0.35695,0.38968,0.85558,0.86473,0.13138
56,Students usually,euc_dmd,0.5,1,15,0.50531,0.39075,0.95641,0.96408,0.13429
56,Students usually,euc_dmd,0.7,1,17,0.77424,0.43485,1.19578,1.19881,0.08448
56,Students usually,euc_dmd,0.9,1,19,0.91923,0.50833,1.51839,1.51468,0.17164
56,Students usually,euc_dmd,0.99,1,23,0.99182,0.62019,2.35214,2.33105,0.1762
56,Students usually,cau_dmd,0.3,1,17,0.40155,0.35387,1.20464,1.21561,0.07889
56,Students usually,cau_dmd,0.5,1,18,0.5221,0.35832,1.28164,1.29134,0.07655
56,Students usually,cau_dmd,0.7,1,20,0.74131,0.39071,1.47776,1.48379,0.0866
56,Students usually,cau_dmd,0.9,1,23,0.92236,0.46242,1.91349,1.91128,0.09006
56,Students usually,cau_dmd,0.99,1,28,0.99175,0.52381,2.90057,2.88005,0.0872
56,Students usually,dua_dmd,0.3,1,25,0.3035,0.66599,0.20805,0.2158,0.02215
56,Students usually,dua_dmd,0.5,1,35,0.51263,0.6484,0.49214,0.49861,0.0307
56,Students usually,dua_dmd,0.7,1,48,0.70128,0.63675,1.03434,1.03603,0.05475
56,Students usually,dua_dmd,0.9,1,78,0.90316,0.62808,2.8456,2.82556,0.05907
56,Students usually,dua_dmd,0.99,1,108,0.99083,0.6326,4.96589,4.90297,0.06023
225,"At work, They really",euc_ctx,0.3,1,24,0.33501,0.18289,0.75352,0.75714,0.20839
225,"At work, They really",euc_ctx,0.5,1,28,0.54199,0.17771,0.92566,0.92791,0.20382
225,"At work, They really",euc_ctx,0.7,1,32,0.73382,0.1954,1.06689,1.06723,0.20262
225,"At work, They really",euc_ctx,0.9,1,38,0.90582,0.25928,1.26794,1.26436,0.18901
225,"At work, They really",euc_ctx,0.99,1,50,0.99076,0.44355,1.88859,1.87343,0.2261
225,"At work, They really",cau_ctx,0.3,1,41,0.30991,0.20238,0.97146,0.979,0.20435
225,"At work, They really",cau_ctx,0.5,1,48,0.50431,0.18616,1.24692,1.25302,0.18737
225,"At work, They really",cau_ctx,0.7,1,56,0.71563,0.18673,1.57857,1.5819,0.19269
225,"At work, They really",cau_ctx,0.9,1,68,0.90156,0.20129,2.1831,2.17992,0.19888
225,"At work, They really",cau_ctx,0.99,1,93,0.99041,0.17724,4.0062,3.98207,0.20591
225,"At work, They really",dua_ctx,0.3,1,210,0.30017,0.39336,1.43327,1.34913,0.15029
225,"At work, They really",dua_ctx,0.5,1,344,0.50092,0.36066,3.07205,2.94964,0.14483
225,"At work, They really",dua_ctx,0.7,1,465,0.70015,0.33599,4.96585,4.82838,0.12007
225,"At work, They really",dua_ctx,0.9,1,588,0.9,0.32141,7.08441,6.94062,0.14755
225,"At work, They really",dua_ctx,0.99,0,,,,,,
225,"At work, They really",euc_unemb,0.3,1,11,0.30536,0.19634,0.4883,0.48721,0.09815
225,"At work, They really",euc_unemb,0.5,1,13,0.52666,0.20025,0.58725,0.58421,0.10282
225,"At work, They really",euc_unemb,0.7,1,15,0.73769,0.23491,0.68838,0.68263,0.17886
225,"At work, They really",euc_unemb,0.9,1,18,0.91845,0.33681,0.92297,0.91134,0.18103
225,"At work, They really",euc_unemb,0.99,1,23,0.9912,0.51242,1.69537,1.66886,0.18253
225,"At work, They really",cau_unemb,0.3,1,13,0.38961,0.20336,0.50855,0.50933,0.10232
225,"At work, They really",cau_unemb,0.5,1,15,0.58925,0.21932,0.56463,0.56389,0.10265
225,"At work, They really",cau_unemb,0.7,1,17,0.76202,0.26032,0.62489,0.62198,0.1592
225,"At work, They really",cau_unemb,0.9,1,20,0.91348,0.35918,0.78894,0.7813,0.16883
225,"At work, They really",cau_unemb,0.99,1,26,0.9911,0.54864,1.52694,1.50453,0.18263
225,"At work, They really",dua_unemb,0.3,1,31,0.30558,0.47558,0.11981,0.11085,0.00393
225,"At work, They really",dua_unemb,0.5,1,63,0.5028,0.49777,0.54179,0.49533,0.02149
225,"At work, They really",dua_unemb,0.7,1,111,0.7025,0.52004,1.38853,1.29245,0.05193
225,"At work, They really",dua_unemb,0.9,1,213,0.90043,0.54732,3.37029,3.2325,0.0561
225,"At work, They really",dua_unemb,0.99,1,335,0.99019,0.59055,6.97646,6.82966,0.11242
225,"At work, They really",euc_dmd,0.3,1,11,0.36432,0.13284,0.93911,0.93889,0.20629
225,"At work, They really",euc_dmd,0.5,1,13,0.59777,0.13252,1.13207,1.1295,0.21524
225,"At work, They really",euc_dmd,0.7,1,14,0.70477,0.14121,1.224,1.22001,0.21399
225,"At work, They really",euc_dmd,0.9,1,17,0.9075,0.20077,1.52513,1.51594,0.2139
225,"At work, They really",euc_dmd,0.99,1,22,0.99026,0.37417,2.25266,2.23135,0.19913
225,"At work, They really",cau_dmd,0.3,1,12,0.3073,0.13161,1.02237,1.02571,0.19884
225,"At work, They really",cau_dmd,0.5,1,15,0.59124,0.12579,1.28311,1.28404,0.20871
225,"At work, They really",cau_dmd,0.7,1,17,0.7592,0.13817,1.46813,1.4667,0.21368
225,"At work, They really",cau_dmd,0.9,1,20,0.90969,0.17215,1.82536,1.81908,0.2067
225,"At work, They really",cau_dmd,0.99,1,26,0.99027,0.23045,2.91742,2.89673,0.19433
225,"At work, They really",dua_dmd,0.3,1,22,0.31289,0.43935,0.11751,0.11848,0.0528
225,"At work, They really",dua_dmd,0.5,1,35,0.50631,0.43093,0.29257,0.28669,0.05537
225,"At work, They really",dua_dmd,0.7,1,61,0.70037,0.42857,0.78139,0.75228,0.05816
225,"At work, They really",dua_dmd,0.9,1,118,0.90019,0.43654,2.12659,2.04964,0.19928
225,"At work, They really",dua_dmd,0.99,1,245,0.99038,0.46498,6.99454,6.86278,0.18517
106,"At work, The workers often",euc_ctx,0.3,1,21,0.32538,0.37427,0.47565,0.48201,0.13578
106,"At work, The workers often",euc_ctx,0.5,1,25,0.54675,0.36994,0.62955,0.63454,0.15111
106,"At work, The workers often",euc_ctx,0.7,1,28,0.70534,0.39121,0.73384,0.73709,0.15444
106,"At work, The workers often",euc_ctx,0.9,1,34,0.90348,0.47972,0.95048,0.9485,0.18666
106,"At work, The workers often",euc_ctx,0.99,1,45,0.99101,0.65069,1.55985,1.54383,0.1869
106,"At work, The workers often",cau_ctx,0.3,1,39,0.31067,0.41129,0.58325,0.59118,0.14565
106,"At work, The workers often",cau_ctx,0.5,1,46,0.51584,0.39232,0.80173,0.80805,0.16981
106,"At work, The workers often",cau_ctx,0.7,1,53,0.71609,0.39539,1.05241,1.05573,0.17434
106,"At work, The workers often",cau_ctx,0.9,1,64,0.90735,0.42125,1.54721,1.54324,0.18467
106,"At work, The workers often",cau_ctx,0.99,1,83,0.99028,0.43625,2.68902,2.66769,0.1919
106,"At work, The workers often",dua_ctx,0.3,1,200,0.30027,0.53278,1.89366,1.81812,0.12157
106,"At work, The workers often",dua_ctx,0.5,1,328,0.50135,0.46658,3.54123,3.42263,0.11769
106,"At work, The workers often",dua_ctx,0.7,1,467,0.70045,0.4053,5.154,5.0166,0.17347
106,"At work, The workers often",dua_ctx,0.9,1,589,0.90134,0.35951,7.46479,7.32119,0.17135
106,"At work, The workers often",dua_ctx,0.99,0,,,,,,
106,"At work, The workers often",euc_unemb,0.3,1,9,0.3035,0.37531,0.33301,0.33736,0.1161
106,"At work, The workers often",euc_unemb,0.5,1,11,0.55923,0.3793,0.48644,0.48901,0.12524
106,"At work, The workers often",euc_unemb,0.7,1,13,0.78761,0.42911,0.68591,0.68505,0.17861
106,"At work, The workers often",euc_unemb,0.9,1,15,0.91577,0.50372,0.9522,0.94629,0.20177
106,"At work, The workers often",euc_unemb,0.99,1,20,0.99385,0.64235,1.86815,1.8448,0.20948
106,"At work, The workers often",cau_unemb,0.3,1,10,0.30975,0.3858,0.31608,0.32275,0.05249
106,"At work, The workers often",cau_unemb,0.5,1,12,0.53742,0.39362,0.42598,0.4316,0.11968
106,"At work, The workers often",cau_unemb,0.7,1,14,0.75016,0.43947,0.56235,0.5656,0.14978
106,"At work, The workers often",cau_unemb,0.9,1,17,0.92552,0.54446,0.86681,0.864,0.18894
106,"At work, The workers often",cau_unemb,0.99,1,22,0.99242,0.66725,1.6299,1.61244,0.19721
106,"At work, The workers often",dua_unemb,0.3,1,22,0.30922,0.60246,0.1059,0.10593,0.00507
106,"At work, The workers often",dua_unemb,0.5,1,34,0.50403,0.61515,0.27601,0.26771,0.00801
106,"At work, The workers often",dua_unemb,0.7,1,55,0.70252,0.6324,0.7995,0.76743,0.11656
106,"At work, The workers often",dua_unemb,0.9,1,104,0.90013,0.65335,2.91863,2.81821,0.16334
106,"At work, The workers often",dua_unemb,0.99,1,162,0.99041,0.66136,5.65919,5.52305,0.13453
106,"At work, The workers often",euc_dmd,0.3,1,9,0.31441,0.314,0.53277,0.53787,0.13034
106,"At work, The workers often",euc_dmd,0.5,1,11,0.57107,0.3078,0.72572,0.72899,0.16156
106,"At work, The workers often",euc_dmd,0.7,1,13,0.79402,0.34971,0.92788,0.92803,0.19269
106,"At work, The workers often",euc_dmd,0.9,1,15,0.91752,0.42662,1.17142,1.16721,0.20824
106,"At work, The workers often",euc_dmd,0.99,1,20,0.99357,0.631,2.02309,2.00382,0.20845
106,"At work, The workers often",cau_dmd,0.3,1,11,0.34487,0.31774,0.61529,0.62281,0.1561
106,"At work, The workers often",cau_dmd,0.5,1,13,0.55418,0.32128,0.74337,0.74975,0.17435
106,"At work, The workers often",cau_dmd,0.7,1,15,0.74411,0.35795,0.88263,0.88697,0.17758
106,"At work, The workers often",cau_dmd,0.9,1,18,0.91106,0.45793,1.16956,1.16918,0.21356
106,"At work, The workers often",cau_dmd,0.99,1,24,0.99183,0.65788,2.06812,2.05345,0.21071
106,"At work, The workers often",dua_dmd,0.3,1,17,0.301,0.57131,0.13183,0.13612,0.01087
106,"At work, The workers often",dua_dmd,0.5,1,27,0.5035,0.56144,0.35118,0.35465,0.01626
106,"At work, The workers often",dua_dmd,0.7,1,42,0.70348,0.55564,0.77285,0.77288,0.02352
106,"At work, The workers often",dua_dmd,0.9,1,79,0.90075,0.55673,2.19349,2.17494,0.12612
106,"At work, The workers often",dua_dmd,0.99,1,145,0.99038,0.57058,4.90683,4.82983,0.19729
233,"Every day, You really",euc_ctx,0.3,1,24,0.34033,0.33106,0.46086,0.46727,0.25689
233,"Every day, You really",euc_ctx,0.5,1,27,0.50549,0.33521,0.54246,0.54818,0.25953
233,"Every day, You really",euc_ctx,0.7,1,31,0.71719,0.37323,0.63964,0.6436,0.25193
233,"Every day, You really",euc_ctx,0.9,1,37,0.90762,0.47926,0.80786,0.80719,0.28355
233,"Every day, You really",euc_ctx,0.99,1,48,0.99125,0.65329,1.36392,1.34982,0.30613
233,"Every day, You really",cau_ctx,0.3,1,42,0.32349,0.3812,0.65025,0.662,0.24886
233,"Every day, You really",cau_ctx,0.5,1,48,0.50475,0.35111,0.88391,0.89441,0.30233
233,"Every day, You really",cau_ctx,0.7,1,55,0.70922,0.32931,1.20897,1.21655,0.20338
233,"Every day, You really",cau_ctx,0.9,1,66,0.9033,0.30559,1.82076,1.82102,0.22841
233,"Every day, You really",cau_ctx,0.99,1,87,0.9907,0.23595,3.24906,3.23019,0.28227
233,"Every day, You really",dua_ctx,0.3,1,313,0.30047,0.53372,1.69649,1.56861,0.01868
233,"Every day, You really",dua_ctx,0.5,1,531,0.50004,0.49843,3.71138,3.56901,0.04772
233,"Every day, You really",dua_ctx,0.7,0,,,,,,
233,"Every day, You really",dua_ctx,0.9,0,,,,,,
233,"Every day, You really",dua_ctx,0.99,0,,,,,,
233,"Every day, You really",euc_unemb,0.3,1,12,0.34644,0.2221,0.60225,0.59828,0.32491
233,"Every day, You really",euc_unemb,0.5,1,14,0.57377,0.22741,0.70389,0.6974,0.3317
233,"Every day, You really",euc_unemb,0.7,1,16,0.77398,0.26915,0.78602,0.77634,0.33171
233,"Every day, You really",euc_unemb,0.9,1,19,0.93301,0.39054,0.93521,0.91918,0.36964
233,"Every day, You really",euc_unemb,0.99,1,24,0.99314,0.61,1.46448,1.43319,0.38519
233,"Every day, You really",cau_unemb,0.3,1,13,0.3516,0.19755,0.67746,0.67551,0.3322
233,"Every day, You really",cau_unemb,0.5,1,15,0.55394,0.19753,0.74575,0.74184,0.33292
233,"Every day, You really",cau_unemb,0.7,1,17,0.73852,0.22339,0.77477,0.76845,0.32615
233,"Every day, You really",cau_unemb,0.9,1,20,0.90538,0.30725,0.79811,0.7872,0.30167
233,"Every day, You really",cau_unemb,0.99,1,26,0.99062,0.54426,1.04615,1.02207,0.31047
233,"Every day, You really",dua_unemb,0.3,1,52,0.30106,0.62574,0.36908,0.31885,0.00234
233,"Every day, You really",dua_unemb,0.5,1,132,0.50047,0.63198,1.40868,1.27134,0.00741
233,"Every day, You really",dua_unemb,0.7,1,225,0.70076,0.62321,2.78616,2.64272,0.0598
233,"Every day, You really",dua_unemb,0.9,1,409,0.90077,0.63383,3.49815,3.35247,0.03872
233,"Every day, You really",dua_unemb,0.99,1,511,0.99036,0.6428,4.63314,4.48713,0.04455
233,"Every day, You really",euc_dmd,0.3,1,11,0.37744,0.16708,0.92612,0.92636,0.35744
233,"Every day, You really",euc_dmd,0.5,1,12,0.50041,0.16528,1.01207,1.01123,0.3622
233,"Every day, You really",euc_dmd,0.7,1,14,0.72994,0.18727,1.14641,1.14293,0.35954
233,"Every day, You really",euc_dmd,0.9,1,17,0.92099,0.2801,1.3235,1.31465,0.37637
233,"Every day, You really",euc_dmd,0.99,1,22,0.99213,0.5092,1.85447,1.83239,0.33979
233,"Every day, You really",cau_dmd,0.3,1,12,0.36491,0.13653,1.13186,1.13542,0.36658
233,"Every day, You really",cau_dmd,0.5,1,14,0.57472,0.13173,1.29698,1.29878,0.36761
233,"Every day, You really",cau_dmd,0.7,1,16,0.75701,0.14381,1.43382,1.43322,0.356
233,"Every day, You really",cau_dmd,0.9,1,19,0.91379,0.18046,1.66956,1.66392,0.36608
233,"Every day, You really",cau_dmd,0.99,1,25,0.99144,0.231,2.52673,2.50559,0.26594
233,"Every day, You really",dua_dmd,0.3,1,31,0.30737,0.58297,0.22845,0.22425,0.00543
233,"Every day, You really",dua_dmd,0.5,1,63,0.50372,0.59033,0.84917,0.80277,0.01009
233,"Every day, You really",dua_dmd,0.7,1,138,0.70118,0.60439,2.52991,2.40775,0.01138
233,"Every day, You really",dua_dmd,0.9,1,262,0.90138,0.61076,3.65291,3.51251,0.04469
233,"Every day, You really",dua_dmd,0.99,1,334,0.99085,0.62004,5.70837,5.56527,0.04929
299,Many people,euc_ctx,0.3,1,34,0.3366,0.04113,1.97763,1.97254,0.29396
299,Many people,euc_ctx,0.5,1,37,0.54076,0.04125,2.14363,2.13701,0.2949
299,Many people,euc_ctx,0.7,1,40,0.73143,0.04855,2.25206,2.2439,0.29232
299,Many people,euc_ctx,0.9,1,45,0.91611,0.08127,2.33319,2.32233,0.28126
299,Many people,euc_ctx,0.99,1,54,0.99228,0.23484,2.45844,2.44107,0.22735
299,Many people,cau_ctx,0.3,1,64,0.30022,0.0742,2.68495,2.68273,0.25757
299,Many people,cau_ctx,0.5,1,70,0.51534,0.05474,3.31444,3.30696,0.25924
299,Many people,cau_ctx,0.7,1,76,0.72681,0.04366,4.01431,4.00025,0.25657
299,Many people,cau_ctx,0.9,1,84,0.90178,0.03649,5.01551,4.99125,0.25914
299,Many people,cau_ctx,0.99,1,100,0.99138,0.03111,7.09833,7.05138,0.2636
299,Many people,dua_ctx,0.3,1,200,0.30069,0.43287,1.97699,1.88831,0.14924
299,Many people,dua_ctx,0.5,1,322,0.50031,0.39407,3.64147,3.51107,0.19234
299,Many people,dua_ctx,0.7,1,474,0.70078,0.37137,5.64668,5.49968,0.23752
299,Many people,dua_ctx,0.9,0,,,,,,
299,Many people,dua_ctx,0.99,0,,,,,,
299,Many people,euc_unemb,0.3,1,16,0.32467,0.05172,1.28789,1.28196,0.19304
299,Many people,euc_unemb,0.5,1,18,0.61491,0.05689,1.36002,1.35187,0.21832
299,Many people,euc_unemb,0.7,1,19,0.74393,0.0669,1.35952,1.35013,0.21667
299,Many people,euc_unemb,0.9,1,21,0.90546,0.10698,1.32831,1.31608,0.21754
299,Many people,euc_unemb,0.99,1,25,0.9903,0.28723,1.4087,1.38823,0.22549
299,Many people,cau_unemb,0.3,1,17,0.30031,0.03134,1.55747,1.55092,0.23217
299,Many people,cau_unemb,0.5,1,19,0.55539,0.03176,1.62334,1.61482,0.24357
299,Many people,cau_unemb,0.7,1,21,0.78155,0.04149,1.58451,1.57392,0.24132
299,Many people,cau_unemb,0.9,1,23,0.90975,0.06393,1.49991,1.48703,0.23936
299,Many people,cau_unemb,0.99,1,28,0.99209,0.20962,1.38558,1.36524,0.23031
299,Many people,dua_unemb,0.3,1,33,0.30373,0.4701,0.11496,0.1092,0.00482
299,Many people,dua_unemb,0.5,1,53,0.50541,0.4897,0.42879,0.39934,0.00673
299,Many people,dua_unemb,0.7,1,86,0.70338,0.51517,1.29692,1.219,0.00717
299,Many people,dua_unemb,0.9,1,145,0.90145,0.54696,2.89686,2.76753,0.01743
299,Many people,dua_unemb,0.99,1,190,0.99058,0.57006,4.26501,4.11939,0.02227
299,Many people,euc_dmd,0.3,1,15,0.38603,0.02818,1.91504,1.91119,0.26014
299,Many people,euc_dmd,0.5,1,16,0.5379,0.02861,2.00438,1.99932,0.2623
299,Many people,euc_dmd,0.7,1,18,0.79632,0.03776,2.10227,2.09458,0.26025
299,Many people,euc_dmd,0.9,1,20,0.92754,0.06107,2.14458,2.13397,0.2605
299,Many people,euc_dmd,0.99,1,24,0.99229,0.17325,2.2761,2.25815,0.2346
299,Many people,cau_dmd,0.3,1,17,0.40781,0.0193,2.35564,2.35255,0.26203
299,Many people,cau_dmd,0.5,1,18,0.53693,0.01959,2.44235,2.43819,0.26572
299,Many people,cau_dmd,0.7,1,20,0.76377,0.02408,2.57159,2.56511,0.26229
299,Many people,cau_dmd,0.9,1,23,0.93571,0.04219,2.73279,2.72215,0.26182
299,Many people,cau_dmd,0.99,1,27,0.99041,0.08675,3.09551,3.077,0.23328
299,Many people,dua_dmd,0.3,1,25,0.31493,0.43585,0.13139,0.13806,0.00671
299,Many people,dua_dmd,0.5,1,32,0.52465,0.4301,0.2705,0.27572,0.01169
299,Many people,dua_dmd,0.7,1,41,0.71078,0.43072,0.52388,0.5234,0.01442
299,Many people,dua_dmd,0.9,1,59,0.90426,0.44237,1.23191,1.2122,0.0263
299,Many people,dua_dmd,0.99,1,72,0.99006,0.45355,1.90364,1.8648,0.02729
183,"Every day, The workers still",euc_ctx,0.3,1,22,0.30685,0.38392,0.41025,0.41751,0.14226
183,"Every day, The workers still",euc_ctx,0.5,1,26,0.52225,0.38185,0.51171,0.51801,0.13031
183,"Every day, The workers still",euc_ctx,0.7,1,30,0.72905,0.41813,0.58729,0.59158,0.04337
183,"Every day, The workers still",euc_ctx,0.9,1,36,0.91158,0.5209,0.71059,0.7099,0.03008
183,"Every day, The workers still",euc_ctx,0.99,1,47,0.99152,0.68789,1.17402,1.15955,0.02895
183,"Every day, The workers still",cau_ctx,0.3,1,39,0.3134,0.35848,0.63683,0.64526,0.16756
183,"Every day, The workers still",cau_ctx,0.5,1,46,0.53189,0.34089,0.85724,0.86412,0.17703
183,"Every day, The workers still",cau_ctx,0.7,1,52,0.71324,0.34934,1.06634,1.07081,0.18114
183,"Every day, The workers still",cau_ctx,0.9,1,62,0.90195,0.39155,1.48127,1.47962,0.17075
183,"Every day, The workers still",cau_ctx,0.99,1,81,0.991,0.45862,2.51596,2.49763,0.17811
183,"Every day, The workers still",dua_ctx,0.3,1,257,0.30072,0.56326,3.16223,3.06351,0.01375
183,"Every day, The workers still",dua_ctx,0.5,1,401,0.5005,0.50005,5.30119,5.16911,0.01795
183,"Every day, The workers still",dua_ctx,0.7,1,522,0.70012,0.44497,6.62453,6.48456,0.02335
183,"Every day, The workers still",dua_ctx,0.9,0,,,,,,
183,"Every day, The workers still",dua_ctx,0.99,0,,,,,,
183,"Every day, The workers still",euc_unemb,0.3,1,11,0.40957,0.42035,0.33715,0.34268,0.03391
183,"Every day, The workers still",euc_unemb,0.5,1,12,0.53614,0.42875,0.39418,0.39881,0.03387
183,"Every day, The workers still",euc_unemb,0.7,1,14,0.76363,0.47475,0.54973,0.55123,0.0799
183,"Every day, The workers still",euc_unemb,0.9,1,16,0.90105,0.53822,0.78413,0.78074,0.16752
183,"Every day, The workers still",euc_unemb,0.99,1,21,0.99209,0.62943,1.65673,1.63588,0.23023
183,"Every day, The workers still",cau_unemb,0.3,1,12,0.39695,0.3926,0.36864,0.37586,0.15452
183,"Every day, The workers still",cau_unemb,0.5,1,13,0.50707,0.39937,0.39918,0.40587,0.15113
183,"Every day, The workers still",cau_unemb,0.7,1,15,0.7151,0.43934,0.46738,0.47211,0.04092
183,"Every day, The workers still",cau_unemb,0.9,1,18,0.90522,0.53651,0.65145,0.65091,0.07386
183,"Every day, The workers still",cau_unemb,0.99,1,24,0.9928,0.65875,1.38049,1.36325,0.16587
183,"Every day, The workers still",dua_unemb,0.3,1,25,0.30757,0.64983,0.14559,0.14466,0.00416
183,"Every day, The workers still",dua_unemb,0.5,1,44,0.50522,0.6638,0.53596,0.51908,0.00876
183,"Every day, The workers still",dua_unemb,0.7,1,93,0.70203,0.69556,2.55708,2.4758,0.01513
183,"Every day, The workers still",dua_unemb,0.9,1,170,0.90174,0.71838,4.87539,4.73874,0.02553
183,"Every day, The workers still",dua_unemb,0.99,1,247,0.99005,0.72812,6.44781,6.30515,0.03666
183,"Every day, The workers still",euc_dmd,0.3,1,10,0.32171,0.35561,0.46252,0.46907,0.18117
183,"Every day, The workers still",euc_dmd,0.5,1,12,0.5685,0.36199,0.56986,0.57489,0.13306
183,"Every day, The workers still",euc_dmd,0.7,1,14,0.78518,0.41465,0.70051,0.70262,0.14182
183,"Every day, The workers still",euc_dmd,0.9,1,16,0.91006,0.49582,0.89846,0.89622,0.09002
183,"Every day, The workers still",euc_dmd,0.99,1,21,0.99222,0.66647,1.68818,1.67038,0.10236
183,"Every day, The workers still",cau_dmd,0.3,1,12,0.33264,0.3383,0.5855,0.59375,0.20339
183,"Every day, The workers still",cau_dmd,0.5,1,14,0.52719,0.34748,0.63066,0.63799,0.20195
183,"Every day, The workers still",cau_dmd,0.7,1,16,0.71214,0.3873,0.69014,0.69571,0.06969
183,"Every day, The workers still",cau_dmd,0.9,1,20,0.9228,0.52246,0.96644,0.96567,0.09526
183,"Every day, The workers still",cau_dmd,0.99,1,26,0.99192,0.67232,1.76361,1.74786,0.09903
183,"Every day, The workers still",dua_dmd,0.3,1,25,0.30908,0.61955,0.20606,0.20925,0.00809
183,"Every day, The workers still",dua_dmd,0.5,1,41,0.50842,0.60895,0.51789,0.51745,0.12135
183,"Every day, The workers still",dua_dmd,0.7,1,60,0.70637,0.60071,1.04844,1.04015,0.12788
183,"Every day, The workers still",dua_dmd,0.9,1,137,0.90031,0.63125,4.17196,4.10261,0.02339
183,"Every day, The workers still",dua_dmd,0.99,1,272,0.99044,0.65061,7.11012,6.97254,0.02987
34,"Every day, They always",euc_ctx,0.3,1,22,0.32122,0.52996,0.39194,0.39801,0.04334
34,"Every day, They always",euc_ctx,0.5,1,26,0.54336,0.5215,0.49291,0.49713,0.03663
34,"Every day, They always",euc_ctx,0.7,1,29,0.70271,0.54066,0.54673,0.54865,0.03916
34,"Every day, They always",euc_ctx,0.9,1,35,0.90181,0.61748,0.64182,0.63706,0.12359
34,"Every day, They always",euc_ctx,0.99,1,46,0.99046,0.73389,0.96627,0.9447,0.04181
34,"Every day, They always",cau_ctx,0.3,1,43,0.31151,0.45408,0.70414,0.70909,0.1273
34,"Every day, They always",cau_ctx,0.5,1,50,0.50607,0.38016,0.98507,0.98663,0.13617
34,"Every day, They always",cau_ctx,0.7,1,58,0.72166,0.31522,1.35115,1.34681,0.14358
34,"Every day, They always",cau_ctx,0.9,1,69,0.90196,0.25621,1.90598,1.89106,0.16135
34,"Every day, They always",cau_ctx,0.99,1,90,0.99007,0.18933,3.0549,3.01629,0.19132
34,"Every day, They always",dua_ctx,0.3,1,252,0.30045,0.65607,2.5152,2.40563,0.01148
34,"Every day, They always",dua_ctx,0.5,1,399,0.50045,0.57983,3.91279,3.77547,0.01768
34,"Every day, They always",dua_ctx,0.7,1,528,0.70068,0.5143,5.07562,4.93102,0.04145
34,"Every day, They always",dua_ctx,0.9,0,,,,,,
34,"Every day, They always",dua_ctx,0.99,0,,,,,,
34,"Every day, They always",euc_unemb,0.3,1,10,0.40545,0.5717,0.3014,0.30638,0.03161
34,"Every day, They always",euc_unemb,0.5,1,11,0.54375,0.57708,0.36098,0.36468,0.03691
34,"Every day, They always",euc_unemb,0.7,1,13,0.78474,0.62145,0.51485,0.51429,0.15562
34,"Every day, They always",euc_unemb,0.9,1,15,0.91782,0.6813,0.72378,0.71696,0.17309
34,"Every day, They always",euc_unemb,0.99,1,19,0.99058,0.7523,1.25225,1.22951,0.19288
34,"Every day, They always",cau_unemb,0.3,1,11,0.40811,0.55205,0.30121,0.30922,0.05077
34,"Every day, They always",cau_unemb,0.5,1,12,0.53241,0.55885,0.337,0.34421,0.05804
34,"Every day, They always",cau_unemb,0.7,1,14,0.75597,0.60364,0.41938,0.42367,0.14136
34,"Every day, They always",cau_unemb,0.9,1,17,0.9325,0.69827,0.61261,0.60957,0.14657
34,"Every day, They always",cau_unemb,0.99,1,21,0.9901,0.77456,0.99683,0.98078,0.17232
34,"Every day, They always",dua_unemb,0.3,1,24,0.30836,0.78443,0.11024,0.10924,0.00229
34,"Every day, They always",dua_unemb,0.5,1,38,0.50031,0.79576,0.32125,0.30728,0.00369
34,"Every day, They always",dua_unemb,0.7,1,63,0.70464,0.8099,0.93447,0.88384,0.00699
34,"Every day, They always",dua_unemb,0.9,1,120,0.90099,0.83004,3.06657,2.93823,0.02256
34,"Every day, They always",dua_unemb,0.99,1,188,0.99068,0.82512,4.10048,3.95472,0.04222
34,"Every day, They always",euc_dmd,0.3,1,9,0.30759,0.48495,0.45687,0.46367,0.12022
34,"Every day, They always",euc_dmd,0.5,1,11,0.57884,0.47496,0.62137,0.626,0.13953
34,"Every day, They always",euc_dmd,0.7,1,12,0.70695,0.49317,0.70068,0.70351,0.14225
34,"Every day, They always",euc_dmd,0.9,1,15,0.92814,0.60142,0.97521,0.9701,0.17263
34,"Every day, They always",euc_dmd,0.99,1,19,0.99158,0.7303,1.48507,1.46545,0.17216
34,"Every day, They always",cau_dmd,0.3,1,11,0.35413,0.45919,0.58823,0.59769,0.13918
34,"Every day, They always",cau_dmd,0.5,1,13,0.57886,0.46329,0.68837,0.69636,0.14324
34,"Every day, They always",cau_dmd,0.7,1,15,0.77247,0.50766,0.78505,0.79029,0.16702
34,"Every day, They always",cau_dmd,0.9,1,18,0.92775,0.61019,0.99188,0.99088,0.15684
34,"Every day, They always",cau_dmd,0.99,1,23,0.99107,0.74087,1.53162,1.51647,0.15667
34,"Every day, They always",dua_dmd,0.3,1,22,0.30003,0.73602,0.13671,0.14064,0.00829
34,"Every day, They always",dua_dmd,0.5,1,36,0.51297,0.71194,0.35639,0.35801,0.02097
34,"Every day, They always",dua_dmd,0.7,1,54,0.70434,0.6947,0.70999,0.70546,0.02412
34,"Every day, They always",dua_dmd,0.9,1,86,0.90434,0.67964,1.52266,1.50141,0.02623
34,"Every day, They always",dua_dmd,0.99,1,113,0.9913,0.68196,2.60663,2.55751,0.0322
10,"At work, We always",euc_ctx,0.3,1,29,0.32725,0.45176,0.62831,0.63305,0.18613
10,"At work, We always",euc_ctx,0.5,1,33,0.55111,0.44737,0.74489,0.74731,0.17649
10,"At work, We always",euc_ctx,0.7,1,36,0.71008,0.47318,0.79562,0.79556,0.18246
10,"At work, We always",euc_ctx,0.9,1,42,0.90597,0.57471,0.8487,0.84184,0.18946
10,"At work, We always",euc_ctx,0.99,1,53,0.9912,0.75141,1.06356,1.03966,0.06346
10,"At work, We always",cau_ctx,0.3,1,55,0.32219,0.39,0.96654,0.97002,0.21293
10,"At work, We always",cau_ctx,0.5,1,62,0.52711,0.32097,1.28608,1.2853,0.21153
10,"At work, We always",cau_ctx,0.7,1,69,0.72258,0.27063,1.63364,1.62692,0.24557
10,"At work, We always",cau_ctx,0.9,1,80,0.90745,0.21999,2.20588,2.18749,0.24448
10,"At work, We always",cau_ctx,0.99,1,100,0.99064,0.16551,3.29315,3.25027,0.26286
10,"At work, We always",dua_ctx,0.3,1,266,0.30017,0.68833,2.21167,2.09689,0.0259
10,"At work, We always",dua_ctx,0.5,1,416,0.50132,0.60806,3.65252,3.50926,0.03833
10,"At work, We always",dua_ctx,0.7,1,554,0.70093,0.54301,5.12086,4.97027,0.04618
10,"At work, We always",dua_ctx,0.9,0,,,,,,
10,"At work, We always",dua_ctx,0.99,0,,,,,,
10,"At work, We always",euc_unemb,0.3,1,13,0.338,0.51458,0.47832,0.48297,0.16806
10,"At work, We always",euc_unemb,0.5,1,15,0.59885,0.51522,0.68109,0.68268,0.18744
10,"At work, We always",euc_unemb,0.7,1,16,0.71875,0.53164,0.80621,0.80552,0.19493
10,"At work, We always",euc_unemb,0.9,1,19,0.92787,0.60343,1.25663,1.24642,0.27859
10,"At work, We always",euc_unemb,0.99,1,23,0.99111,0.65674,1.9215,1.89481,0.29149
10,"At work, We always",cau_unemb,0.3,1,14,0.31013,0.50606,0.46402,0.4716,0.17328
10,"At work, We always",cau_unemb,0.5,1,16,0.53929,0.50492,0.58937,0.59497,0.18087
10,"At work, We always",cau_unemb,0.7,1,18,0.75252,0.54074,0.7338,0.7359,0.19272
10,"At work, We always",cau_unemb,0.9,1,21,0.9268,0.61934,1.00443,0.99864,0.23991
10,"At work, We always",cau_unemb,0.99,1,26,0.99258,0.68911,1.57027,1.54718,0.24473
10,"At work, We always",dua_unemb,0.3,1,35,0.30386,0.80951,0.17443,0.16543,0.01424
10,"At work, We always",dua_unemb,0.5,1,63,0.50192,0.8204,0.72563,0.67598,0.02582
10,"At work, We always",dua_unemb,0.7,1,110,0.70154,0.82512,2.44331,2.32056,0.02901
10,"At work, We always",dua_unemb,0.9,1,217,0.9013,0.81501,3.87664,3.72533,0.05523
10,"At work, We always",dua_unemb,0.99,1,287,0.99052,0.79524,4.54866,4.39643,0.06922
10,"At work, We always",euc_dmd,0.3,1,12,0.30213,0.3673,0.83499,0.84172,0.17659
10,"At work, We always",euc_dmd,0.5,1,14,0.56687,0.35284,1.0624,1.06656,0.19929
10,"At work, We always",euc_dmd,0.7,1,16,0.79714,0.39631,1.26065,1.26083,0.24754
10,"At work, We always",euc_dmd,0.9,1,18,0.9213,0.47796,1.46043,1.45533,0.25318
10,"At work, We always",euc_dmd,0.99,1,22,0.99022,0.64452,1.95676,1.93801,0.25724
10,"At work, We always",cau_dmd,0.3,1,14,0.30507,0.35479,0.99722,1.00715,0.23441
10,"At work, We always",cau_dmd,0.5,1,16,0.51833,0.34794,1.11854,1.12681,0.19715
10,"At work, We always",cau_dmd,0.7,1,18,0.7223,0.38124,1.21677,1.22244,0.20577
10,"At work, We always",cau_dmd,0.9,1,21,0.90518,0.48634,1.39047,1.39051,0.21654
10,"At work, We always",cau_dmd,0.99,1,27,0.99172,0.70043,1.98032,1.96404,0.22112
10,"At work, We always",dua_dmd,0.3,1,29,0.31133,0.75184,0.1919,0.19712,0.01451
10,"At work, We always",dua_dmd,0.5,1,44,0.50568,0.72953,0.45127,0.45296,0.01855
10,"At work, We always",dua_dmd,0.7,1,63,0.70286,0.71245,0.95736,0.94854,0.043
10,"At work, We always",dua_dmd,0.9,1,92,0.90451,0.70564,2.11013,2.06831,0.05764
10,"At work, We always",dua_dmd,0.99,1,113,0.99108,0.70737,3.04817,2.97386,0.06331
93,"Honestly, I often",euc_ctx,0.3,1,31,0.31277,0.17924,1.29415,1.29974,0.30161
93,"Honestly, I often",euc_ctx,0.5,1,34,0.50196,0.17055,1.53085,1.53467,0.30441
93,"Honestly, I often",euc_ctx,0.7,1,38,0.74219,0.18683,1.80949,1.81023,0.30117
93,"Honestly, I often",euc_ctx,0.9,1,43,0.91285,0.24375,2.11678,2.11248,0.29166
93,"Honestly, I often",euc_ctx,0.99,1,52,0.99004,0.38449,2.75599,2.7396,0.31449
93,"Honestly, I often",cau_ctx,0.3,1,61,0.32656,0.19691,2.11524,2.11852,0.30272
93,"Honestly, I often",cau_ctx,0.5,1,67,0.52552,0.17526,2.57361,2.57351,0.31384
93,"Honestly, I often",cau_ctx,0.7,1,73,0.71553,0.16811,3.06224,3.05773,0.31764
93,"Honestly, I often",cau_ctx,0.9,1,83,0.90652,0.16986,3.94864,3.93455,0.30494
93,"Honestly, I often",cau_ctx,0.99,1,101,0.99035,0.16325,5.78326,5.74696,0.31828
93,"Honestly, I often",dua_ctx,0.3,1,224,0.30012,0.47695,2.00849,1.89636,0.04516
93,"Honestly, I often",dua_ctx,0.5,1,371,0.50059,0.42598,3.13401,2.98819,0.04643
93,"Honestly, I often",dua_ctx,0.7,1,521,0.70074,0.38371,4.15648,4.00277,0.21843
93,"Honestly, I often",dua_ctx,0.9,0,,,,,,
93,"Honestly, I often",dua_ctx,0.99,0,,,,,,
93,"Honestly, I often",euc_unemb,0.3,1,14,0.39526,0.17379,0.93271,0.93574,0.20687
93,"Honestly, I often",euc_unemb,0.5,1,15,0.54996,0.18016,1.0181,1.01996,0.20027
93,"Honestly, I often",euc_unemb,0.7,1,17,0.80978,0.22997,1.16677,1.16531,0.25035
93,"Honestly, I often",euc_unemb,0.9,1,19,0.93651,0.32003,1.34553,1.33924,0.24137
93,"Honestly, I often",euc_unemb,0.99,1,23,0.99428,0.49905,1.98958,1.96918,0.34079
93,"Honestly, I often",cau_unemb,0.3,1,15,0.34418,0.15802,0.95074,0.9573,0.1161
93,"Honestly, I often",cau_unemb,0.5,1,17,0.61431,0.17029,1.06759,1.07251,0.21497
93,"Honestly, I often",cau_unemb,0.7,1,18,0.73435,0.19022,1.11107,1.11481,0.24814
93,"Honestly, I often",cau_unemb,0.9,1,21,0.93432,0.29728,1.27597,1.27444,0.30981
93,"Honestly, I often",cau_unemb,0.99,1,25,0.99184,0.45651,1.77038,1.75759,0.32497
93,"Honestly, I often",dua_unemb,0.3,1,36,0.31086,0.56476,0.15551,0.14556,0.0104
93,"Honestly, I often",dua_unemb,0.5,1,58,0.5052,0.58003,0.4635,0.42496,0.01412
93,"Honestly, I often",dua_unemb,0.7,1,85,0.70488,0.5933,1.12272,1.04187,0.02017
93,"Honestly, I often",dua_unemb,0.9,1,119,0.90256,0.60759,2.35336,2.23401,0.0215
93,"Honestly, I often",dua_unemb,0.99,1,148,0.99063,0.61604,3.58774,3.44999,0.02233
93,"Honestly, I often",euc_dmd,0.3,1,14,0.44408,0.11873,1.58267,1.58907,0.27112
93,"Honestly, I often",euc_dmd,0.5,1,15,0.59815,0.12057,1.7572,1.76224,0.3053
93,"Honestly, I often",euc_dmd,0.7,1,16,0.73424,0.13094,1.92419,1.92763,0.30813
93,"Honestly, I often",euc_dmd,0.9,1,18,0.90388,0.17478,2.24793,2.24737,0.30086
93,"Honestly, I often",euc_dmd,0.99,1,22,0.99045,0.31765,2.97149,2.95986,0.32178
93,"Honestly, I often",cau_dmd,0.3,1,16,0.3893,0.10739,1.93322,1.94343,0.30761
93,"Honestly, I often",cau_dmd,0.5,1,17,0.51324,0.10323,2.12753,2.13653,0.30683
93,"Honestly, I often",cau_dmd,0.7,1,19,0.7396,0.10661,2.52884,2.53465,0.31398
93,"Honestly, I often",cau_dmd,0.9,1,22,0.92377,0.12926,3.18304,3.18226,0.30031
93,"Honestly, I often",cau_dmd,0.99,1,27,0.9921,0.16865,4.42388,4.40849,0.32517
93,"Honestly, I often",dua_dmd,0.3,1,29,0.30625,0.52999,0.19246,0.19763,0.04845
93,"Honestly, I often",dua_dmd,0.5,1,49,0.50295,0.52397,0.56791,0.5655,0.0605
93,"Honestly, I often",dua_dmd,0.7,1,76,0.7019,0.52258,1.72321,1.70349,0.06582
93,"Honestly, I often",dua_dmd,0.9,1,106,0.90404,0.52381,3.21444,3.1706,0.06641
93,"Honestly, I often",dua_dmd,0.99,1,137,0.99048,0.54158,4.3505,4.27512,0.06685
228,"Honestly, You never",euc_ctx,0.3,1,28,0.3031,0.13135,0.89391,0.89622,0.38269
228,"Honestly, You never",euc_ctx,0.5,1,32,0.52401,0.12642,1.01422,1.01544,0.38296
228,"Honestly, You never",euc_ctx,0.7,1,36,0.73454,0.14455,1.06102,1.06082,0.3796
228,"Honestly, You never",euc_ctx,0.9,1,42,0.91534,0.21611,1.03042,1.02727,0.36397
228,"Honestly, You never",euc_ctx,0.99,1,53,0.99168,0.4413,1.0639,1.05178,0.26613
228,"Honestly, You never",cau_ctx,0.3,1,54,0.31815,0.14467,1.00043,1.00341,0.34199
228,"Honestly, You never",cau_ctx,0.5,1,61,0.51814,0.12819,1.20999,1.21085,0.32884
228,"Honestly, You never",cau_ctx,0.7,1,68,0.70942,0.12178,1.42223,1.41992,0.32763
228,"Honestly, You never",cau_ctx,0.9,1,80,0.90463,0.11502,1.87238,1.86188,0.33047
228,"Honestly, You never",cau_ctx,0.99,1,103,0.99029,0.08042,3.17898,3.14586,0.26447
228,"Honestly, You never",dua_ctx,0.3,1,271,0.30063,0.57951,1.55295,1.44498,0.01185
228,"Honestly, You never",dua_ctx,0.5,1,482,0.50048,0.54914,3.71083,3.56846,0.02352
228,"Honestly, You never",dua_ctx,0.7,0,,,,,,
228,"Honestly, You never",dua_ctx,0.9,0,,,,,,
228,"Honestly, You never",dua_ctx,0.99,0,,,,,,
228,"Honestly, You never",euc_unemb,0.3,1,13,0.38206,0.15314,0.81778,0.81679,0.34794
228,"Honestly, You never",euc_unemb,0.5,1,14,0.51438,0.15335,0.85855,0.8566,0.34845
228,"Honestly, You never",euc_unemb,0.7,1,16,0.75707,0.18059,0.87105,0.86673,0.35458
228,"Honestly, You never",euc_unemb,0.9,1,18,0.90194,0.2432,0.83916,0.83168,0.28321
228,"Honestly, You never",euc_unemb,0.99,1,23,0.99287,0.46896,0.97796,0.95817,0.07404
228,"Honestly, You never",cau_unemb,0.3,1,14,0.36464,0.14466,0.80854,0.81001,0.37953
228,"Honestly, You never",cau_unemb,0.5,1,16,0.60405,0.14886,0.85191,0.852,0.38011
228,"Honestly, You never",cau_unemb,0.7,1,17,0.71321,0.16157,0.84151,0.84074,0.26943
228,"Honestly, You never",cau_unemb,0.9,1,20,0.91494,0.24169,0.75108,0.7468,0.0662
228,"Honestly, You never",cau_unemb,0.99,1,25,0.99191,0.44891,0.77142,0.75743,0.05732
228,"Honestly, You never",dua_unemb,0.3,1,56,0.3019,0.64932,0.52314,0.48118,0.01096
228,"Honestly, You never",dua_unemb,0.5,1,113,0.50206,0.68779,1.77289,1.67257,0.01863
228,"Honestly, You never",dua_unemb,0.7,1,184,0.70102,0.72094,2.63602,2.50536,0.04289
228,"Honestly, You never",dua_unemb,0.9,1,277,0.90032,0.7562,4.02861,3.88483,0.06085
228,"Honestly, You never",dua_unemb,0.99,1,329,0.99087,0.77137,5.00356,4.85759,0.06425
228,"Honestly, You never",euc_dmd,0.3,1,12,0.41553,0.06733,1.44652,1.44717,0.44158
228,"Honestly, You never",euc_dmd,0.5,1,13,0.56055,0.06502,1.55238,1.55204,0.44838
228,"Honestly, You never",euc_dmd,0.7,1,15,0.80305,0.07533,1.65965,1.65708,0.44527
228,"Honestly, You never",euc_dmd,0.9,1,17,0.92793,0.10486,1.66817,1.66297,0.45116
228,"Honestly, You never",euc_dmd,0.99,1,21,0.99188,0.22385,1.65667,1.64472,0.39807
228,"Honestly, You never",cau_dmd,0.3,1,13,0.36864,0.05816,1.55189,1.55578,0.45272
228,"Honestly, You never",cau_dmd,0.5,1,15,0.61107,0.05531,1.7353,1.7379,0.45745
228,"Honestly, You never",cau_dmd,0.7,1,16,0.71805,0.05867,1.78285,1.78471,0.45927
228,"Honestly, You never",cau_dmd,0.9,1,19,0.9115,0.08652,1.8024,1.80165,0.44486
228,"Honestly, You never",cau_dmd,0.99,1,25,0.99265,0.21999,1.82263,1.81395,0.40707
228,"Honestly, You never",dua_dmd,0.3,1,35,0.30301,0.58415,0.25637,0.25084,0.02913
228,"Honestly, You never",dua_dmd,0.5,1,71,0.50117,0.58927,1.11402,1.07235,0.03815
228,"Honestly, You never",dua_dmd,0.7,1,127,0.70089,0.60265,2.09474,2.00782,0.02447
228,"Honestly, You never",dua_dmd,0.9,1,194,0.90112,0.61723,2.98751,2.87216,0.0513
228,"Honestly, You never",dua_dmd,0.99,1,231,0.99091,0.62814,3.56441,3.44085,0.05414
256,"Honestly, Many people often",euc_ctx,0.3,1,15,0.30794,0.56216,0.20258,0.20925,0.03197
256,"Honestly, Many people often",euc_ctx,0.5,1,19,0.54404,0.57297,0.38089,0.38639,0.04775
256,"Honestly, Many people often",euc_ctx,0.7,1,22,0.71399,0.59243,0.56461,0.56788,0.04922
256,"Honestly, Many people often",euc_ctx,0.9,1,28,0.91581,0.64182,1.04365,1.03965,0.07118
256,"Honestly, Many people often",euc_ctx,0.99,1,38,0.99202,0.69797,2.02884,2.00883,0.09177
256,"Honestly, Many people often",cau_ctx,0.3,1,30,0.30271,0.64352,0.39138,0.39857,0.04882
256,"Honestly, Many people often",cau_ctx,0.5,1,37,0.50182,0.64357,0.63426,0.6401,0.05881
256,"Honestly, Many people often",cau_ctx,0.7,1,45,0.72382,0.6491,1.00324,1.00545,0.06999
256,"Honestly, Many people often",cau_ctx,0.9,1,56,0.90666,0.66214,1.64636,1.64073,0.07346
256,"Honestly, Many people often",cau_ctx,0.99,1,76,0.99069,0.66498,3.05457,3.03041,0.09688
256,"Honestly, Many people often",dua_ctx,0.3,1,274,0.30012,0.51784,3.69124,3.57454,0.04096
256,"Honestly, Many people often",dua_ctx,0.5,1,413,0.5015,0.45817,6.85269,6.71382,0.04848
256,"Honestly, Many people often",dua_ctx,0.7,1,554,0.70018,0.40894,8.91235,8.76765,0.05333
256,"Honestly, Many people often",dua_ctx,0.9,0,,,,,,
256,"Honestly, Many people often",dua_ctx,0.99,0,,,,,,
256,"Honestly, Many people often",euc_unemb,0.3,1,7,0.42181,0.4982,0.17452,0.17891,0.04427
256,"Honestly, Many people often",euc_unemb,0.5,1,8,0.57136,0.51507,0.25138,0.25471,0.02637
256,"Honestly, Many people often",euc_unemb,0.7,1,9,0.70892,0.54024,0.35657,0.3581,0.03688
256,"Honestly, Many people often",euc_unemb,0.9,1,12,0.93688,0.61564,0.85623,0.84856,0.06146
256,"Honestly, Many people often",euc_unemb,0.99,1,16,0.99395,0.64863,1.77078,1.74643,0.08164
256,"Honestly, Many people often",cau_unemb,0.3,1,7,0.3416,0.47332,0.15154,0.15793,0.04532
256,"Honestly, Many people often",cau_unemb,0.5,1,9,0.60971,0.49932,0.27598,0.28119,0.02765
256,"Honestly, Many people often",cau_unemb,0.7,1,10,0.73033,0.52465,0.36673,0.37049,0.03713
256,"Honestly, Many people often",cau_unemb,0.9,1,13,0.93352,0.60362,0.77919,0.77556,0.07167
256,"Honestly, Many people often",cau_unemb,0.99,1,17,0.99202,0.64872,1.55017,1.53284,0.15017
256,"Honestly, Many people often",dua_unemb,0.3,1,25,0.30137,0.58391,0.15574,0.15014,0.00987
256,"Honestly, Many people often",dua_unemb,0.5,1,48,0.50476,0.59738,0.59672,0.56652,0.01688
256,"Honestly, Many people often",dua_unemb,0.7,1,82,0.7041,0.60815,2.08796,2.00512,0.02418
256,"Honestly, Many people often",dua_unemb,0.9,1,121,0.90317,0.6164,4.56657,4.4432,0.03133
256,"Honestly, Many people often",dua_unemb,0.99,1,144,0.99032,0.62148,5.97737,5.8439,0.03439
256,"Honestly, Many people often",euc_dmd,0.3,1,7,0.42784,0.45832,0.25398,0.26178,0.04898
256,"Honestly, Many people often",euc_dmd,0.5,1,8,0.57801,0.47107,0.34599,0.35314,0.05892
256,"Honestly, Many people often",euc_dmd,0.7,1,9,0.71492,0.49399,0.46237,0.46818,0.06724
256,"Honestly, Many people often",euc_dmd,0.9,1,12,0.9387,0.5754,0.98199,0.98007,0.16188
256,"Honestly, Many people often",euc_dmd,0.99,1,16,0.99407,0.62727,1.94749,1.9307,0.20923
256,"Honestly, Many people often",cau_dmd,0.3,1,7,0.30155,0.42234,0.26583,0.27595,0.07182
256,"Honestly, Many people often",cau_dmd,0.5,1,9,0.54843,0.42807,0.42068,0.43091,0.07143
256,"Honestly, Many people often",cau_dmd,0.7,1,11,0.7715,0.47015,0.62659,0.63504,0.07575
256,"Honestly, Many people often",cau_dmd,0.9,1,13,0.90255,0.52691,0.91083,0.91576,0.18299
256,"Honestly, Many people often",cau_dmd,0.99,1,18,0.99082,0.62252,1.91167,1.90319,0.22835
256,"Honestly, Many people often",dua_dmd,0.3,1,18,0.30027,0.55375,0.15602,0.16246,0.01546
256,"Honestly, Many people often",dua_dmd,0.5,1,32,0.50169,0.54505,0.41635,0.42163,0.02197
256,"Honestly, Many people often",dua_dmd,0.7,1,55,0.70427,0.53575,1.14123,1.13867,0.05355
256,"Honestly, Many people often",dua_dmd,0.9,1,94,0.90011,0.53617,3.65704,3.62433,0.04503
256,"Honestly, Many people often",dua_dmd,0.99,1,125,0.99157,0.54352,5.78724,5.72147,0.07916
140,"At work, Many people often",euc_ctx,0.3,1,27,0.30626,0.59213,0.38782,0.39713,0.02629
140,"At work, Many people often",euc_ctx,0.5,1,31,0.52326,0.58456,0.52549,0.53301,0.02967
140,"At work, Many people often",euc_ctx,0.7,1,35,0.73118,0.60534,0.67187,0.67605,0.03107
140,"At work, Many people often",euc_ctx,0.9,1,41,0.91327,0.66465,0.92479,0.92158,0.0347
140,"At work, Many people often",euc_ctx,0.99,1,52,0.99186,0.74775,1.5259,1.50522,0.03618
140,"At work, Many people often",cau_ctx,0.3,1,52,0.30943,0.55795,0.73826,0.74562,0.05565
140,"At work, Many people often",cau_ctx,0.5,1,59,0.50924,0.48912,1.02202,1.02608,0.12275
140,"At work, Many people often",cau_ctx,0.7,1,66,0.70683,0.43475,1.3663,1.36536,0.139
140,"At work, Many people often",cau_ctx,0.9,1,77,0.90137,0.38077,1.99158,1.98028,0.16858
140,"At work, Many people often",cau_ctx,0.99,1,97,0.99058,0.3243,3.242,3.20827,0.17384
140,"At work, Many people often",dua_ctx,0.3,1,290,0.30023,0.61917,3.45202,3.33411,0.01758
140,"At work, Many people often",dua_ctx,0.5,1,455,0.50078,0.52086,5.29808,5.15342,0.04834
140,"At work, Many people often",dua_ctx,0.7,0,,,,,,
140,"At work, Many people often",dua_ctx,0.9,0,,,,,,
140,"At work, Many people often",dua_ctx,0.99,0,,,,,,
140,"At work, Many people often",euc_unemb,0.3,1,12,0.34071,0.55185,0.26237,0.26923,0.13377
140,"At work, Many people often",euc_unemb,0.5,1,14,0.60038,0.57139,0.38236,0.38672,0.01603
140,"At work, Many people often",euc_unemb,0.7,1,15,0.71925,0.59387,0.46744,0.46971,0.0296
140,"At work, Many people often",euc_unemb,0.9,1,18,0.92697,0.67167,0.82993,0.82307,0.05959
140,"At work, Many people often",euc_unemb,0.99,1,22,0.99071,0.72822,1.45257,1.42984,0.08517
140,"At work, Many people often",cau_unemb,0.3,1,13,0.31515,0.53164,0.27941,0.28921,0.12419
140,"At work, Many people often",cau_unemb,0.5,1,15,0.54412,0.54623,0.35501,0.36338,0.02041
140,"At work, Many people often",cau_unemb,0.7,1,17,0.75519,0.59288,0.4655,0.47077,0.03058
140,"At work, Many people often",cau_unemb,0.9,1,20,0.92709,0.67933,0.72971,0.72754,0.04427
140,"At work, Many people often",cau_unemb,0.99,1,25,0.99244,0.7613,1.34319,1.32461,0.09817
140,"At work, Many people often",dua_unemb,0.3,1,31,0.3026,0.72854,0.16489,0.16013,0.00875
140,"At work, Many people often",dua_unemb,0.5,1,53,0.50109,0.74017,0.59069,0.56134,0.01532
140,"At work, Many people often",dua_unemb,0.7,1,91,0.70124,0.74622,1.84826,1.76002,0.02099
140,"At work, Many people often",dua_unemb,0.9,1,148,0.90042,0.74771,4.42089,4.28053,0.03291
140,"At work, Many people often",dua_unemb,0.99,1,233,0.99003,0.74157,6.23324,6.08354,0.03826
140,"At work, Many people often",euc_dmd,0.3,1,12,0.35624,0.47901,0.46238,0.47243,0.17454
140,"At work, Many people often",euc_dmd,0.5,1,14,0.61601,0.49552,0.61838,0.6263,0.19366
140,"At work, Many people often",euc_dmd,0.7,1,15,0.73169,0.51987,0.71326,0.71938,0.21035
140,"At work, Many people often",euc_dmd,0.9,1,18,0.93005,0.61722,1.0922,1.09034,0.16559
140,"At work, Many people often",euc_dmd,0.99,1,22,0.99081,0.70774,1.77207,1.75581,0.21428
140,"At work, Many people often",cau_dmd,0.3,1,14,0.33927,0.44235,0.62185,0.63518,0.16531
140,"At work, Many people often",cau_dmd,0.5,1,16,0.55003,0.45489,0.73974,0.75196,0.22629
140,"At work, Many people often",cau_dmd,0.7,1,18,0.74231,0.49914,0.87984,0.8897,0.23721
140,"At work, Many people often",cau_dmd,0.9,1,21,0.911,0.5932,1.17615,1.18023,0.25162
140,"At work, Many people often",cau_dmd,0.99,1,27,0.99187,0.72139,2.05561,2.04302,0.23993
140,"At work, Many people often",dua_dmd,0.3,1,24,0.30506,0.6918,0.19556,0.20226,0.12006
140,"At work, Many people often",dua_dmd,0.5,1,42,0.50467,0.67434,0.54779,0.55248,0.13004
140,"At work, Many people often",dua_dmd,0.7,1,80,0.70074,0.65703,1.46404,1.45217,0.13988
140,"At work, Many people often",dua_dmd,0.9,1,137,0.90026,0.6415,3.5143,3.45775,0.05051
140,"At work, Many people often",dua_dmd,0.99,1,185,0.99117,0.64121,5.83709,5.73148,0.04995
167,"Every day, You usually",euc_ctx,0.3,1,28,0.30152,0.43583,0.51517,0.52271,0.0672
167,"Every day, You usually",euc_ctx,0.5,1,32,0.50887,0.42869,0.6503,0.65628,0.07038
167,"Every day, You usually",euc_ctx,0.7,1,36,0.71232,0.45437,0.76859,0.77187,0.09267
167,"Every day, You usually",euc_ctx,0.9,1,42,0.90055,0.5317,0.94082,0.93802,0.10442
167,"Every day, You usually",euc_ctx,0.99,1,54,0.99141,0.666,1.43759,1.41782,0.10891
167,"Every day, You usually",cau_ctx,0.3,1,54,0.31708,0.27348,1.34384,1.34762,0.1806
167,"Every day, You usually",cau_ctx,0.5,1,61,0.51108,0.19225,1.89138,1.89,0.18681
167,"Every day, You usually",cau_ctx,0.7,1,68,0.70167,0.14246,2.45682,2.44906,0.212
167,"Every day, You usually",cau_ctx,0.9,1,80,0.90398,0.10125,3.36818,3.34794,0.23501
167,"Every day, You usually",cau_ctx,0.99,1,101,0.99052,0.07424,4.8264,4.78259,0.24885
167,"Every day, You usually",dua_ctx,0.3,1,273,0.30004,0.61318,2.57902,2.46504,0.01805
167,"Every day, You usually",dua_ctx,0.5,1,450,0.50025,0.53177,4.68034,4.5382,0.02384
167,"Every day, You usually",dua_ctx,0.7,0,,,,,,
167,"Every day, You usually",dua_ctx,0.9,0,,,,,,
167,"Every day, You usually",dua_ctx,0.99,0,,,,,,
167,"Every day, You usually",euc_unemb,0.3,1,13,0.37924,0.39324,0.58988,0.59411,0.1927
167,"Every day, You usually",euc_unemb,0.5,1,14,0.50481,0.39172,0.67409,0.67711,0.19449
167,"Every day, You usually",euc_unemb,0.7,1,16,0.73995,0.4229,0.85222,0.85172,0.22444
167,"Every day, You usually",euc_unemb,0.9,1,19,0.93022,0.51923,1.16653,1.15809,0.23027
167,"Every day, You usually",euc_unemb,0.99,1,23,0.99058,0.62322,1.70651,1.68393,0.23846
167,"Every day, You usually",cau_unemb,0.3,1,14,0.3577,0.3367,0.67935,0.68594,0.21522
167,"Every day, You usually",cau_unemb,0.5,1,16,0.58237,0.33443,0.81212,0.81678,0.22087
167,"Every day, You usually",cau_unemb,0.7,1,18,0.77693,0.36787,0.92353,0.92524,0.22517
167,"Every day, You usually",cau_unemb,0.9,1,21,0.93182,0.45806,1.09673,1.09222,0.21976
167,"Every day, You usually",cau_unemb,0.99,1,26,0.99241,0.5924,1.53375,1.51518,0.22697
167,"Every day, You usually",dua_unemb,0.3,1,31,0.30603,0.72033,0.12277,0.11799,0.01125
167,"Every day, You usually",dua_unemb,0.5,1,51,0.50195,0.73052,0.37427,0.34729,0.02192
167,"Every day, You usually",dua_unemb,0.7,1,100,0.70207,0.74875,1.65783,1.55123,0.02693
167,"Every day, You usually",dua_unemb,0.9,1,189,0.90031,0.75676,4.2329,4.08653,0.03669
167,"Every day, You usually",dua_unemb,0.99,1,251,0.99076,0.75637,5.25494,5.1072,0.04066
167,"Every day, You usually",euc_dmd,0.3,1,12,0.32909,0.32346,0.83429,0.84203,0.21128
167,"Every day, You usually",euc_dmd,0.5,1,14,0.58353,0.31674,1.06743,1.07301,0.2271
167,"Every day, You usually",euc_dmd,0.7,1,15,0.70256,0.33167,1.17887,1.18289,0.22719
167,"Every day, You usually",euc_dmd,0.9,1,18,0.91792,0.42918,1.51809,1.51564,0.23449
167,"Every day, You usually",euc_dmd,0.99,1,23,0.99304,0.61411,2.2181,2.20014,0.20232
167,"Every day, You usually",cau_dmd,0.3,1,14,0.32708,0.27554,1.13648,1.1465,0.23345
167,"Every day, You usually",cau_dmd,0.5,1,16,0.52911,0.261,1.35115,1.35942,0.23909
167,"Every day, You usually",cau_dmd,0.7,1,18,0.71855,0.27024,1.56253,1.56814,0.23296
167,"Every day, You usually",cau_dmd,0.9,1,22,0.92635,0.32326,2.03922,2.03688,0.22804
167,"Every day, You usually",cau_dmd,0.99,1,28,0.99208,0.3708,2.96748,2.94846,0.19404
167,"Every day, You usually",dua_dmd,0.3,1,26,0.31107,0.68186,0.2024,0.20719,0.02534
167,"Every day, You usually",dua_dmd,0.5,1,40,0.50609,0.66737,0.47299,0.47425,0.03103
167,"Every day, You usually",dua_dmd,0.7,1,59,0.70264,0.65665,0.96609,0.95948,0.03909
167,"Every day, You usually",dua_dmd,0.9,1,92,0.90001,0.65402,2.41087,2.37906,0.04392
167,"Every day, You usually",dua_dmd,0.99,1,136,0.99025,0.67338,4.66358,4.57696,0.04544
17,"Every day, We sometimes",euc_ctx,0.3,1,28,0.34956,0.55979,0.46569,0.47283,0.07082
17,"Every day, We sometimes",euc_ctx,0.5,1,31,0.52509,0.5595,0.5956,0.60101,0.07664
17,"Every day, We sometimes",euc_ctx,0.7,1,35,0.74179,0.5845,0.78331,0.78491,0.19552
17,"Every day, We sometimes",euc_ctx,0.9,1,40,0.90334,0.6346,1.04225,1.03703,0.20092
17,"Every day, We sometimes",euc_ctx,0.99,1,51,0.99147,0.7103,1.72992,1.70552,0.21647
17,"Every day, We sometimes",cau_ctx,0.3,1,53,0.31382,0.4669,1.03663,1.04075,0.17762
17,"Every day, We sometimes",cau_ctx,0.5,1,60,0.52141,0.36048,1.53433,1.53334,0.20761
17,"Every day, We sometimes",cau_ctx,0.7,1,67,0.72096,0.28153,2.09244,2.08449,0.21354
17,"Every day, We sometimes",cau_ctx,0.9,1,78,0.9085,0.21023,2.97641,2.95536,0.22605
17,"Every day, We sometimes",cau_ctx,0.99,1,98,0.99098,0.15194,4.55353,4.50616,0.2406
17,"Every day, We sometimes",dua_ctx,0.3,1,268,0.30038,0.6001,3.38896,3.26897,0.01329
17,"Every day, We sometimes",dua_ctx,0.5,1,395,0.50105,0.51443,5.04052,4.89713,0.01523
17,"Every day, We sometimes",dua_ctx,0.7,1,497,0.7018,0.45032,5.85065,5.70113,0.02286
17,"Every day, We sometimes",dua_ctx,0.9,1,587,0.9015,0.399,6.66524,6.5135,0.02934
17,"Every day, We sometimes",dua_ctx,0.99,0,,,,,,
17,"Every day, We sometimes",euc_unemb,0.3,1,12,0.32568,0.53655,0.35715,0.36324,0.07517
17,"Every day, We sometimes",euc_unemb,0.5,1,14,0.60134,0.54339,0.55213,0.55525,0.15691
17,"Every day, We sometimes",euc_unemb,0.7,1,15,0.72734,0.55967,0.68483,0.68553,0.15939
17,"Every day, We sometimes",euc_unemb,0.9,1,18,0.93663,0.61741,1.18947,1.17978,0.21765
17,"Every day, We sometimes",euc_unemb,0.99,1,22,0.99315,0.64841,1.95514,1.92789,0.22888
17,"Every day, We sometimes",cau_unemb,0.3,1,14,0.41126,0.47563,0.4836,0.49082,0.0687
17,"Every day, We sometimes",cau_unemb,0.5,1,15,0.53667,0.4785,0.55854,0.56456,0.07519
17,"Every day, We sometimes",cau_unemb,0.7,1,17,0.76074,0.50829,0.74354,0.74582,0.15936
17,"Every day, We sometimes",cau_unemb,0.9,1,20,0.93505,0.57151,1.10354,1.09727,0.20651
17,"Every day, We sometimes",cau_unemb,0.99,1,24,0.99072,0.61484,1.6833,1.66255,0.21712
17,"Every day, We sometimes",dua_unemb,0.3,1,30,0.30595,0.72229,0.1403,0.13454,0.0362
17,"Every day, We sometimes",dua_unemb,0.5,1,49,0.50215,0.73264,0.42668,0.39897,0.04954
17,"Every day, We sometimes",dua_unemb,0.7,1,83,0.70312,0.74319,1.45578,1.36977,0.04018
17,"Every day, We sometimes",dua_unemb,0.9,1,144,0.90221,0.74269,4.62934,4.49136,0.05686
17,"Every day, We sometimes",dua_unemb,0.99,1,182,0.99107,0.73667,5.53971,5.3936,0.07501
17,"Every day, We sometimes",euc_dmd,0.3,1,12,0.37518,0.47683,0.60512,0.6149,0.09805
17,"Every day, We sometimes",euc_dmd,0.5,1,13,0.51937,0.4834,0.73085,0.73956,0.10092
17,"Every day, We sometimes",euc_dmd,0.7,1,15,0.77742,0.53695,1.04559,1.0504,0.23632
17,"Every day, We sometimes",euc_dmd,0.9,1,17,0.9183,0.61495,1.44043,1.43923,0.25017
17,"Every day, We sometimes",euc_dmd,0.99,1,21,0.99131,0.72751,2.34043,2.32346,0.25667
17,"Every day, We sometimes",cau_dmd,0.3,1,14,0.35565,0.42883,0.82246,0.83473,0.1049
17,"Every day, We sometimes",cau_dmd,0.5,1,16,0.58974,0.44291,1.02658,1.03711,0.19297
17,"Every day, We sometimes",cau_dmd,0.7,1,18,0.78758,0.49251,1.28259,1.28991,0.24008
17,"Every day, We sometimes",cau_dmd,0.9,1,20,0.90444,0.55736,1.60284,1.60557,0.24853
17,"Every day, We sometimes",cau_dmd,0.99,1,26,0.99326,0.68498,2.78562,2.7695,0.25857
17,"Every day, We sometimes",dua_dmd,0.3,1,25,0.31602,0.68165,0.23514,0.24156,0.05047
17,"Every day, We sometimes",dua_dmd,0.5,1,38,0.50089,0.66567,0.53083,0.53453,0.05999
17,"Every day, We sometimes",dua_dmd,0.7,1,62,0.70404,0.64779,1.15683,1.15082,0.0656
17,"Every day, We sometimes",dua_dmd,0.9,1,134,0.90106,0.66256,4.97652,4.89873,0.08162
17,"Every day, We sometimes",dua_dmd,0.99,1,204,0.99095,0.66373,6.85624,6.72221,0.09121
111,We sometimes,euc_ctx,0.3,1,40,0.33533,0.36845,1.12371,1.12608,0.08733
111,We sometimes,euc_ctx,0.5,1,43,0.52404,0.37505,1.30789,1.30751,0.22042
111,We sometimes,euc_ctx,0.7,1,46,0.70344,0.40531,1.4856,1.48157,0.25202
111,We sometimes,euc_ctx,0.9,1,52,0.91344,0.50461,1.86857,1.85464,0.28493
111,We sometimes,euc_ctx,0.99,1,62,0.99111,0.63316,2.71448,2.67901,0.29883
111,We sometimes,cau_ctx,0.3,1,76,0.32837,0.112,3.30474,3.28783,0.23696
111,We sometimes,cau_ctx,0.5,1,82,0.52524,0.06852,4.16522,4.13891,0.26364
111,We sometimes,cau_ctx,0.7,1,88,0.71173,0.0476,4.97539,4.9392,0.28164
111,We sometimes,cau_ctx,0.9,1,98,0.90131,0.03329,6.18037,6.12731,0.29464
111,We sometimes,cau_ctx,0.99,1,117,0.99017,0.02476,8.2084,8.1232,0.30203
111,We sometimes,dua_ctx,0.3,1,215,0.30001,0.55055,2.09538,1.97417,0.01279
111,We sometimes,dua_ctx,0.5,1,310,0.50047,0.47538,3.43205,3.28738,0.02495
111,We sometimes,dua_ctx,0.7,1,393,0.70205,0.41747,4.4815,4.32882,0.03049
111,We sometimes,dua_ctx,0.9,1,477,0.90088,0.37348,5.09214,4.93568,0.03356
111,We sometimes,dua_ctx,0.99,1,542,0.99078,0.35778,5.47142,5.31327,0.03497
111,We sometimes,euc_unemb,0.3,1,18,0.43729,0.35319,1.22659,1.22922,0.25779
111,We sometimes,euc_unemb,0.5,1,19,0.59458,0.35104,1.44059,1.44049,0.26956
111,We sometimes,euc_unemb,0.7,1,20,0.73414,0.35862,1.68936,1.68584,0.27842
111,We sometimes,euc_unemb,0.9,1,22,0.90665,0.38664,2.26304,2.2509,0.30626
111,We sometimes,euc_unemb,0.99,1,26,0.99146,0.42114,3.48842,3.45506,0.31438
111,We sometimes,cau_unemb,0.3,1,20,0.41283,0.27694,1.45363,1.45775,0.27115
111,We sometimes,cau_unemb,0.5,1,21,0.54933,0.27481,1.61096,1.61294,0.2728
111,We sometimes,cau_unemb,0.7,1,23,0.78399,0.29353,1.96851,1.96489,0.28381
111,We sometimes,cau_unemb,0.9,1,25,0.91432,0.32548,2.37855,2.36768,0.2901
111,We sometimes,cau_unemb,0.99,1,30,0.99337,0.36907,3.55005,3.51667,0.30692
111,We sometimes,dua_unemb,0.3,1,35,0.31344,0.65538,0.13475,0.12785,0.03183
111,We sometimes,dua_unemb,0.5,1,50,0.50736,0.66553,0.34842,0.31976,0.03284
111,We sometimes,dua_unemb,0.7,1,78,0.70229,0.6745,1.05735,0.96948,0.03692
111,We sometimes,dua_unemb,0.9,1,129,0.90051,0.67431,2.60297,2.45758,0.24487
111,We sometimes,dua_unemb,0.99,1,173,0.99028,0.67499,6.78554,6.62991,0.25887
111,We sometimes,euc_dmd,0.3,1,17,0.35814,0.30346,1.68727,1.69641,0.28353
111,We sometimes,euc_dmd,0.5,1,18,0.51298,0.30831,1.89459,1.9019,0.29143
111,We sometimes,euc_dmd,0.7,1,20,0.78758,0.36361,2.36191,2.36398,0.29915
111,We sometimes,euc_dmd,0.9,1,22,0.92778,0.45389,2.92178,2.91649,0.30479
111,We sometimes,euc_dmd,0.99,1,26,0.99329,0.59923,4.21952,4.19519,0.30317
111,We sometimes,cau_dmd,0.3,1,20,0.32028,0.26274,2.17673,2.18925,0.28768
111,We sometimes,cau_dmd,0.5,1,22,0.56817,0.27675,2.47701,2.48685,0.29308
111,We sometimes,cau_dmd,0.7,1,24,0.784,0.33102,2.82266,2.82857,0.29537
111,We sometimes,cau_dmd,0.9,1,26,0.90825,0.41126,3.24701,3.24758,0.29956
111,We sometimes,cau_dmd,0.99,1,31,0.99147,0.57859,4.60944,4.59176,0.29803
111,We sometimes,dua_dmd,0.3,1,30,0.30233,0.61478,0.23452,0.24071,0.03459
111,We sometimes,dua_dmd,0.5,1,41,0.5128,0.59937,0.46754,0.47111,0.04326
111,We sometimes,dua_dmd,0.7,1,57,0.70763,0.58511,0.82019,0.81638,0.04701
111,We sometimes,dua_dmd,0.9,1,99,0.90138,0.57128,2.04395,2.00317,0.2524
111,We sometimes,dua_dmd,0.99,1,144,0.99105,0.58647,7.47417,7.36394,0.27332
